2023-07-13 02:44:37,fmc_nan,md5,704dc23210d562783cf1c7dde63f66b5,,https://twitter.com/fmc_nan/status/1679320900762767363
2023-07-13 02:44:37,fmc_nan,md5,f3635074f5573e3f7d694dafa6e4bba9,,https://twitter.com/fmc_nan/status/1679320900762767363
2023-07-13 02:44:37,fmc_nan,md5,5ed4414e0edcaacdeb865a0ff64ac2ac,,https://twitter.com/fmc_nan/status/1679320900762767363
2023-07-13 02:44:37,fmc_nan,md5,9a077e38fe8528c56351eb228c4bd817,,https://twitter.com/fmc_nan/status/1679320900762767363
2023-07-13 09:11:05,RustyNoob619,ip,91.228.224.98,,https://twitter.com/RustyNoob619/status/1679418157981741058
2023-07-13 11:29:52,kyleehmke,domain,dnsgateway.org,,https://twitter.com/kyleehmke/status/1679453083175211009
2023-07-13 13:54:38,suyog41,md5,46a42c6ce70572f1ef63cee73844f43e,,https://twitter.com/suyog41/status/1679489516019793922
2023-07-13 15:17:47,malware_traffic,ip,194.58.102.187,,https://twitter.com/malware_traffic/status/1679510442287169536
2023-07-14 21:40:31,wvuuuuuuuuuuuuu,url,https://192.168.56.103/machine.aspx,,https://twitter.com/wvuuuuuuuuuuuuu/status/1679969146635710469
2023-07-16 02:37:04,drb_ra,url,https://106.14.75.240/en_US/all.js,#CobaltStrike,https://twitter.com/drb_ra/status/1680406164956229633
2023-07-16 02:37:04,drb_ra,ip,106.14.75.240,#CobaltStrike,https://twitter.com/drb_ra/status/1680406164956229633
2023-07-16 06:45:28,drb_ra,ip,47.94.169.63,,https://twitter.com/drb_ra/status/1680468677450235905
2023-07-16 06:45:56,drb_ra,ip,165.227.204.151,,https://twitter.com/drb_ra/status/1680468791023529985
2023-07-16 06:46:51,drb_ra,ip,211.95.133.19,,https://twitter.com/drb_ra/status/1680469024507871234
2023-07-16 06:47:42,drb_ra,ip,162.19.175.54,,https://twitter.com/drb_ra/status/1680469238572564480
2023-07-16 06:48:48,drb_ra,ip,172.86.76.246,,https://twitter.com/drb_ra/status/1680469513203077120
2023-07-16 06:48:54,drb_ra,ip,35.183.112.212,,https://twitter.com/drb_ra/status/1680469538817683456
2023-07-16 06:48:58,drb_ra,ip,94.34.35.44,,https://twitter.com/drb_ra/status/1680469556123369472
2023-07-16 06:49:38,drb_ra,ip,190.205.241.186,#Qakbot,https://twitter.com/drb_ra/status/1680469724981874688
2023-07-16 06:49:41,drb_ra,ip,74.12.146.30,#Qakbot,https://twitter.com/drb_ra/status/1680469737656967168
2023-07-16 06:50:06,drb_ra,ip,201.171.163.236,#Qakbot,https://twitter.com/drb_ra/status/1680469842153947136
2023-07-16 08:26:41,drb_ra,ip,120.46.213.150,,https://twitter.com/drb_ra/status/1680494147554230272
2023-07-16 08:26:41,drb_ra,url,https://120.46.213.150:8443,,https://twitter.com/drb_ra/status/1680494147554230272
2023-07-16 08:54:46,harugasumi,ip,220.158.233.235,,https://twitter.com/harugasumi/status/1680501216072138753
2023-07-16 08:54:46,harugasumi,url,https://www.jqrkhxr.cn/msidecrt.php?sinvu7yfte=1,,https://twitter.com/harugasumi/status/1680501216072138753
2023-07-16 10:16:04,drb_ra,url,https://165.227.154.89/visit.js,#CobaltStrike,https://twitter.com/drb_ra/status/1680521676361015299
2023-07-16 10:16:04,drb_ra,ip,165.227.154.89,#CobaltStrike,https://twitter.com/drb_ra/status/1680521676361015299
2023-07-16 10:16:13,drb_ra,ip,185.149.146.15,#CobaltStrike,https://twitter.com/drb_ra/status/1680521712532615168
2023-07-16 10:16:13,drb_ra,url,https://ntlm.duckdns.org/XEVendor,#CobaltStrike,https://twitter.com/drb_ra/status/1680521712532615168
2023-07-16 10:16:18,drb_ra,ip,139.159.203.44,#CobaltStrike,https://twitter.com/drb_ra/status/1680521731969089536
2023-07-16 10:16:18,drb_ra,url,https://139.159.203.44/pixel,#CobaltStrike,https://twitter.com/drb_ra/status/1680521731969089536
2023-07-16 10:16:21,drb_ra,ip,124.220.148.109,#CobaltStrike,https://twitter.com/drb_ra/status/1680521746116497409
2023-07-16 10:16:21,drb_ra,url,https://124.220.148.109/load,#CobaltStrike,https://twitter.com/drb_ra/status/1680521746116497409
2023-07-16 10:16:25,drb_ra,ip,217.195.153.169,#CobaltStrike,https://twitter.com/drb_ra/status/1680521763455750144
2023-07-16 10:16:25,drb_ra,url,https://217.195.153.169/visit.js,#CobaltStrike,https://twitter.com/drb_ra/status/1680521763455750144
2023-07-16 10:16:33,drb_ra,ip,111.48.71.121,#CobaltStrike,https://twitter.com/drb_ra/status/1680521796435468289
2023-07-16 10:16:33,drb_ra,ip,192.227.178.247,#CobaltStrike,https://twitter.com/drb_ra/status/1680521796435468289
2023-07-16 10:16:33,drb_ra,url,https://111.48.71.121/pixel,#CobaltStrike,https://twitter.com/drb_ra/status/1680521796435468289
2023-07-16 10:16:34,drb_ra,url,https://58.218.215.165/pixel.gif,#CobaltStrike,https://twitter.com/drb_ra/status/1680521798666924033
2023-07-16 10:16:34,drb_ra,ip,60.21.166.232,#CobaltStrike,https://twitter.com/drb_ra/status/1680521802475347968
2023-07-16 10:16:34,drb_ra,url,https://60.21.166.232/match,#CobaltStrike,https://twitter.com/drb_ra/status/1680521802475347968
2023-07-16 10:16:34,drb_ra,ip,58.218.215.170,#CobaltStrike,https://twitter.com/drb_ra/status/1680521800529084416
2023-07-16 10:16:34,drb_ra,url,https://58.218.215.170/pixel,#CobaltStrike,https://twitter.com/drb_ra/status/1680521800529084416
2023-07-16 10:16:34,drb_ra,ip,58.218.215.165,#CobaltStrike,https://twitter.com/drb_ra/status/1680521798666924033
2023-07-16 10:16:35,drb_ra,url,https://125.76.247.249/__utm.gif,#CobaltStrike,https://twitter.com/drb_ra/status/1680521806241841152
2023-07-16 10:16:35,drb_ra,url,https://182.118.13.170/ca,#CobaltStrike,https://twitter.com/drb_ra/status/1680521804404645888
2023-07-16 10:16:35,drb_ra,ip,125.76.247.249,#CobaltStrike,https://twitter.com/drb_ra/status/1680521806241841152
2023-07-16 10:16:35,drb_ra,ip,182.118.13.170,#CobaltStrike,https://twitter.com/drb_ra/status/1680521804404645888
2023-07-16 10:16:36,drb_ra,url,https://220.181.125.242/ptj,#CobaltStrike,https://twitter.com/drb_ra/status/1680521810087903232
2023-07-16 10:16:36,drb_ra,ip,113.5.183.248,#CobaltStrike,https://twitter.com/drb_ra/status/1680521808179494914
2023-07-16 10:16:36,drb_ra,ip,220.181.125.242,#CobaltStrike,https://twitter.com/drb_ra/status/1680521810087903232
2023-07-16 10:16:36,drb_ra,url,https://113.5.183.248/dot.gif,#CobaltStrike,https://twitter.com/drb_ra/status/1680521808179494914
2023-07-16 10:16:37,drb_ra,url,https://103.44.170.229/pixel.gif,#CobaltStrike,https://twitter.com/drb_ra/status/1680521811824451586
2023-07-16 10:16:37,drb_ra,ip,119.84.129.234,#CobaltStrike,https://twitter.com/drb_ra/status/1680521813858680833
2023-07-16 10:16:37,drb_ra,url,https://119.84.129.234/match,#CobaltStrike,https://twitter.com/drb_ra/status/1680521813858680833
2023-07-16 10:16:37,drb_ra,ip,103.44.170.229,#CobaltStrike,https://twitter.com/drb_ra/status/1680521811824451586
2023-07-16 10:17:04,drb_ra,url,https://123.249.91.163/push,#CobaltStrike,https://twitter.com/drb_ra/status/1680521926823772160
2023-07-16 10:17:04,drb_ra,ip,123.249.91.163,#CobaltStrike,https://twitter.com/drb_ra/status/1680521926823772160
2023-07-16 10:17:09,drb_ra,ip,185.109.48.179,#CobaltStrike,https://twitter.com/drb_ra/status/1680521945752780800
2023-07-16 10:17:09,drb_ra,url,https://185.109.48.179/cm,#CobaltStrike,https://twitter.com/drb_ra/status/1680521945752780800
2023-07-16 10:17:16,drb_ra,ip,185.212.56.193,#CobaltStrike,https://twitter.com/drb_ra/status/1680521977528721413
2023-07-16 10:17:16,drb_ra,url,https://cs45.gamesmetaa.com/__utm.gif,#CobaltStrike,https://twitter.com/drb_ra/status/1680521977528721413
2023-07-16 10:17:32,drb_ra,url,https://service-k6s27a4s-1318658931.nj.apigw.tencentcs.com/news/details,#CobaltStrike,https://twitter.com/drb_ra/status/1680522042708197380
2023-07-16 10:17:32,drb_ra,ip,1.13.101.231,#CobaltStrike,https://twitter.com/drb_ra/status/1680522042708197380
2023-07-16 10:17:40,drb_ra,url,https://49.234.29.148/pixel,#CobaltStrike,https://twitter.com/drb_ra/status/1680522078640824321
2023-07-16 10:17:40,drb_ra,ip,49.234.29.148,#CobaltStrike,https://twitter.com/drb_ra/status/1680522078640824321
2023-07-16 10:17:48,drb_ra,url,https://192.227.178.247/IE9CompatViewList.xml,#CobaltStrike,https://twitter.com/drb_ra/status/1680522110358241282
2023-07-16 10:17:54,drb_ra,ip,216.83.45.170,#CobaltStrike,https://twitter.com/drb_ra/status/1680522137797373953
2023-07-16 10:17:54,drb_ra,url,https://216.83.45.170/cx,#CobaltStrike,https://twitter.com/drb_ra/status/1680522137797373953
2023-07-16 10:17:54,drb_ra,ip,154.22.125.233,#CobaltStrike,https://twitter.com/drb_ra/status/1680522137797373953
2023-07-16 10:18:01,drb_ra,url,https://139.155.159.81/activity,#CobaltStrike,https://twitter.com/drb_ra/status/1680522163671973888
2023-07-16 10:18:01,drb_ra,ip,139.155.159.81,#CobaltStrike,https://twitter.com/drb_ra/status/1680522163671973888
2023-07-16 11:48:12,noladefense,url,https://www.sicurezzapaypal.com,#phishing,https://twitter.com/noladefense/status/1680544859386523649
2023-07-16 11:48:12,noladefense,ip,213.158.94.146,#phishing,https://twitter.com/noladefense/status/1680544859386523649
2023-07-16 12:01:15,TrackerC2Bot,ip,77.91.68.56,#malware,https://twitter.com/TrackerC2Bot/status/1680548145594236931
2023-07-16 12:01:15,TrackerC2Bot,ip,94.228.169.160,#malware,https://twitter.com/TrackerC2Bot/status/1680548145594236931
2023-07-16 12:18:14,noladefense,url,https://servfilmd.onmypc.us/FILM/serveur/redirect/user/homes/app/net/login.php,#phishing,https://twitter.com/noladefense/status/1680552421003591684
2023-07-16 12:18:14,noladefense,ip,149.102.231.192,#phishing,https://twitter.com/noladefense/status/1680552421003591684
2023-07-16 12:30:20,drb_ra,url,https://sanjianke.icu/api/getit,#CobaltStrike,https://twitter.com/drb_ra/status/1680555465971752961
2023-07-16 12:30:20,drb_ra,ip,165.154.131.126,#CobaltStrike,https://twitter.com/drb_ra/status/1680555465971752961
2023-07-16 12:30:53,drb_ra,url,https://cdn.cdndbapp.top/jquery-3.3.1.min.js,#CobaltStrike,https://twitter.com/drb_ra/status/1680555601607180290
2023-07-16 12:30:53,drb_ra,ip,116.62.180.202,#CobaltStrike,https://twitter.com/drb_ra/status/1680555601607180290
2023-07-16 12:31:15,drb_ra,ip,103.238.226.146,#CobaltStrike,https://twitter.com/drb_ra/status/1680555693143621632
2023-07-16 12:31:15,drb_ra,url,https://103.238.226.146/cx,#CobaltStrike,https://twitter.com/drb_ra/status/1680555693143621632
2023-07-16 12:31:35,drb_ra,url,https://45.91.81.100/__utm.gif,#CobaltStrike,https://twitter.com/drb_ra/status/1680555778216800257
2023-07-16 12:31:35,drb_ra,ip,45.91.81.100,#CobaltStrike,https://twitter.com/drb_ra/status/1680555778216800257
2023-07-16 12:32:18,drb_ra,ip,118.195.184.126,#CobaltStrike,https://twitter.com/drb_ra/status/1680555957057626112
2023-07-16 12:32:18,drb_ra,url,https://service-ogf120ck-1300456157.nj.apigw.tencentcs.com/www/handle/doc,#CobaltStrike,https://twitter.com/drb_ra/status/1680555957057626112
2023-07-16 12:32:49,drb_ra,url,https://doc.bluework.ink/jquery-3.3.1.min.js,#CobaltStrike,https://twitter.com/drb_ra/status/1680556087601184769
2023-07-16 12:32:49,drb_ra,ip,159.75.187.222,#CobaltStrike,https://twitter.com/drb_ra/status/1680556087601184769
2023-07-16 12:33:15,noladefense,url,https://privacyhereworking.com/usa/,#phishing,https://twitter.com/noladefense/status/1680556197034770432
2023-07-16 12:33:15,noladefense,ip,147.135.112.80,#phishing,https://twitter.com/noladefense/status/1680556197034770432
2023-07-16 12:34:07,drb_ra,ip,45.32.45.123,#CobaltStrike,https://twitter.com/drb_ra/status/1680556417378398212
2023-07-16 12:34:07,drb_ra,url,https://45.32.45.123/ca,#CobaltStrike,https://twitter.com/drb_ra/status/1680556417378398212
2023-07-16 12:35:45,drb_ra,url,https://116.62.180.202/jquery-3.3.1.min.js,#CobaltStrike,https://twitter.com/drb_ra/status/1680556825899331584
2023-07-16 12:48:11,noladefense,ip,20.46.183.45,#phishing,https://twitter.com/noladefense/status/1680559954518786048
2023-07-16 12:48:11,noladefense,url,https://www.bakkt-trade.com,#phishing,https://twitter.com/noladefense/status/1680559954518786048
2023-07-16 13:03:10,noladefense,url,https://bvtrwerc34r.faqserv.com/login.php,#phishing,https://twitter.com/noladefense/status/1680563728872361988
2023-07-16 13:03:10,noladefense,ip,43.163.201.174,#phishing,https://twitter.com/noladefense/status/1680563728872361988
2023-07-16 13:03:16,noladefense,url,https://evyier68.itemdb.com/login.php?login_callback=%2Fjp%2F,#phishing,https://twitter.com/noladefense/status/1680563751488212994
2023-07-16 13:03:20,noladefense,url,https://btweccccc.wikaba.com/login.php?login_callback=%2Fjp%2F,#phishing,https://twitter.com/noladefense/status/1680563767304650753
2023-07-16 13:03:23,noladefense,url,https://wbecyiwec68.toshibanetcam.com/login.php,#phishing,https://twitter.com/noladefense/status/1680563781288570881
2023-07-16 13:05:20,ScumBots,sha256,c01068e733eb7056b1c9c6ec8692c379c28fa775445755ee913153ca2e69fc6b,,https://twitter.com/ScumBots/status/1680564271149621249
2023-07-16 13:05:20,ScumBots,ip,77.74.198.52,,https://twitter.com/ScumBots/status/1680564271149621249
2023-07-16 13:48:09,noladefense,url,https://jgfhgsfqkuiy.top,#phishing,https://twitter.com/noladefense/status/1680575049336598530
2023-07-16 13:48:09,noladefense,ip,192.227.197.123,#phishing,https://twitter.com/noladefense/status/1680575049336598530
2023-07-16 14:03:09,noladefense,url,https://rqwey6rtds.top,#phishing,https://twitter.com/noladefense/status/1680578822347931649
2023-07-16 14:03:12,noladefense,url,https://sdgexashr.top,#phishing,https://twitter.com/noladefense/status/1680578835732140032
2023-07-16 14:18:08,noladefense,url,https://lhjkhgygbgfh.top,#phishing,https://twitter.com/noladefense/status/1680582594449096705
2023-07-16 14:57:21,harugasumi,url,https://smbc-card.usecheap.com,#phishing,https://twitter.com/harugasumi/status/1680592461876588544
2023-07-16 15:03:09,noladefense,url,https://vzxcsahgrs.top,#phishing,https://twitter.com/noladefense/status/1680593921380941826
2023-07-16 15:03:11,noladefense,url,https://aqwzxdcpj.top,#phishing,https://twitter.com/noladefense/status/1680593931703140354
2023-07-16 15:03:11,noladefense,ip,198.46.193.185,#phishing,https://twitter.com/noladefense/status/1680593931703140354
2023-07-16 15:17:59,dark0pcodes,domain,472transportador.shop,,https://twitter.com/dark0pcodes/status/1680597652562497537
2023-07-16 15:17:59,dark0pcodes,domain,472.guiadepaqueterias.online,,https://twitter.com/dark0pcodes/status/1680597652562497537
2023-07-16 15:17:59,dark0pcodes,domain,impuesto472.com,,https://twitter.com/dark0pcodes/status/1680597652562497537
2023-07-16 15:21:57,harugasumi,url,https://chongshel.com,#phishing,https://twitter.com/harugasumi/status/1680598653323587584
2023-07-16 15:53:42,smica83,url,https://www.ideact.se/wp-admin/js/widgets/MmmbbBbhee/mkb/signin.php,#phishing,https://twitter.com/smica83/status/1680606642931376129
2023-07-16 15:53:42,smica83,url,https://red-light-girls.com/wp-admin/mk.htm,#phishing,https://twitter.com/smica83/status/1680606642931376129
2023-07-16 16:03:15,noladefense,url,https://steamconnmurnity.ru,#phishing,https://twitter.com/noladefense/status/1680609044673773568
2023-07-16 16:22:22,Cyanotle,url,https://cybertor.pro,#scam #malware,https://twitter.com/Cyanotle/status/1680613856719020032
2023-07-16 16:33:12,noladefense,url,https://fkfdl.pro/d12466f62,#phishing,https://twitter.com/noladefense/status/1680616583574478851
2023-07-16 17:13:19,drb_ra,ip,154.39.240.110,#CobaltStrike,https://twitter.com/drb_ra/status/1680626679973138432
2023-07-16 17:13:19,drb_ra,url,https://154.39.240.110/dpixel,#CobaltStrike,https://twitter.com/drb_ra/status/1680626679973138432
2023-07-16 17:13:19,drb_ra,ip,154.39.240.113,#CobaltStrike,https://twitter.com/drb_ra/status/1680626679973138432
2023-07-16 17:13:28,drb_ra,url,https://124.220.180.202/dpixel,#CobaltStrike,https://twitter.com/drb_ra/status/1680626714831880199
2023-07-16 17:13:28,drb_ra,ip,124.220.180.202,#CobaltStrike,https://twitter.com/drb_ra/status/1680626714831880199
2023-07-16 17:15:34,drb_ra,ip,173.82.79.254,#CobaltStrike,https://twitter.com/drb_ra/status/1680627246518743043
2023-07-16 17:15:34,drb_ra,url,https://173.82.79.254/dot.gif,#CobaltStrike,https://twitter.com/drb_ra/status/1680627246518743043
2023-07-16 17:15:43,drb_ra,ip,154.22.125.222,#CobaltStrike,https://twitter.com/drb_ra/status/1680627282585559044
2023-07-16 17:15:51,drb_ra,ip,101.34.214.82,#CobaltStrike,https://twitter.com/drb_ra/status/1680627316563628033
2023-07-16 17:15:51,drb_ra,url,https://101.34.214.82/www/handle/doc,#CobaltStrike,https://twitter.com/drb_ra/status/1680627316563628033
2023-07-16 17:15:59,drb_ra,url,https://52.13.83.52/zOMGAPT,#CobaltStrike,https://twitter.com/drb_ra/status/1680627348364836865
2023-07-16 17:15:59,drb_ra,ip,52.13.83.52,#CobaltStrike,https://twitter.com/drb_ra/status/1680627348364836865
2023-07-16 17:16:07,drb_ra,url,https://46.4.10.187/visit.js,#CobaltStrike,https://twitter.com/drb_ra/status/1680627381759868928
2023-07-16 17:16:07,drb_ra,ip,46.4.10.187,#CobaltStrike,https://twitter.com/drb_ra/status/1680627381759868928
2023-07-16 17:16:14,drb_ra,ip,100.42.64.104,#CobaltStrike,https://twitter.com/drb_ra/status/1680627413879865345
2023-07-16 17:16:14,drb_ra,url,https://100.42.64.104/j.ad,#CobaltStrike,https://twitter.com/drb_ra/status/1680627413879865345
2023-07-16 17:16:22,drb_ra,url,https://45.137.10.60/g.pixel,#CobaltStrike,https://twitter.com/drb_ra/status/1680627448415748096
2023-07-16 17:16:22,drb_ra,ip,45.137.10.60,#CobaltStrike,https://twitter.com/drb_ra/status/1680627448415748096
2023-07-16 17:16:30,drb_ra,ip,120.78.151.171,#CobaltStrike,https://twitter.com/drb_ra/status/1680627481609371648
2023-07-16 17:16:30,drb_ra,url,https://120.78.151.171/cx,#CobaltStrike,https://twitter.com/drb_ra/status/1680627481609371648
2023-07-16 17:29:57,SGEmail2,ip,209.85.219.171,#phishing,https://twitter.com/SGEmail2/status/1680630866912096256
2023-07-16 17:48:15,noladefense,ip,165.232.37.19,#phishing,https://twitter.com/noladefense/status/1680635469225132038
2023-07-16 17:48:15,noladefense,url,https://servicecsnet069.duckdns.org/J1eT2fbzyyaO7kyYvSuOFxYRfBetLbAY/0QI6aSFNfJTuIO2T.jsp,#phishing,https://twitter.com/noladefense/status/1680635469225132038
2023-07-16 18:00:00,silentpush_labs,ip,95.214.26.167,#phishing,https://twitter.com/silentpush_labs/status/1680638426004221953
2023-07-16 18:00:00,silentpush_labs,domain,dpost-lierfung.net,#phishing,https://twitter.com/silentpush_labs/status/1680638426004221953
2023-07-16 18:07:32,1ZRR4H,url,https://www.mitmassets.ml/vagina2/getname.php?userid=,,https://twitter.com/1ZRR4H/status/1680640321762340872
2023-07-16 18:33:23,Gootloader,url,https://explorer.ee/go.php,#GootLoader,https://twitter.com/Gootloader/status/1680646828637782023
2023-07-16 18:47:01,drb_ra,ip,138.197.36.34,,https://twitter.com/drb_ra/status/1680650258349522944
2023-07-16 18:48:09,noladefense,ip,143.198.60.66,#phishing,https://twitter.com/noladefense/status/1680650543973187594
2023-07-16 18:48:09,noladefense,url,https://s.amazeoczzu-jp.com,#phishing,https://twitter.com/noladefense/status/1680650543973187594
2023-07-16 18:49:13,drb_ra,ip,13.215.227.78,,https://twitter.com/drb_ra/status/1680650813964709891
2023-07-16 18:49:49,drb_ra,ip,192.241.133.70,,https://twitter.com/drb_ra/status/1680650963491725312
2023-07-16 18:51:55,drb_ra,ip,201.170.106.69,#Qakbot,https://twitter.com/drb_ra/status/1680651491810344960
2023-07-16 18:52:09,drb_ra,ip,116.75.63.60,#Qakbot,https://twitter.com/drb_ra/status/1680651552330072065
2023-07-16 18:52:18,drb_ra,ip,182.75.189.41,#Qakbot,https://twitter.com/drb_ra/status/1680651587444768768
2023-07-16 18:52:25,drb_ra,ip,105.184.99.120,#Qakbot,https://twitter.com/drb_ra/status/1680651619598319617
2023-07-16 18:52:33,drb_ra,ip,189.223.93.188,#Qakbot,https://twitter.com/drb_ra/status/1680651650812215297
2023-07-16 18:52:40,drb_ra,ip,167.56.192.210,#Qakbot,https://twitter.com/drb_ra/status/1680651681334165511
2023-07-16 18:52:48,drb_ra,ip,37.186.55.16,#Qakbot,https://twitter.com/drb_ra/status/1680651713521364993
2023-07-16 18:52:54,drb_ra,ip,45.32.14.224,,https://twitter.com/drb_ra/status/1680651741891633153
2023-07-16 18:53:02,drb_ra,ip,47.102.87.85,,https://twitter.com/drb_ra/status/1680651774120656898
2023-07-16 18:53:09,drb_ra,ip,18.118.134.58,,https://twitter.com/drb_ra/status/1680651801614327810
2023-07-16 18:53:16,drb_ra,ip,3.135.83.21,,https://twitter.com/drb_ra/status/1680651832505384962
2023-07-16 18:53:24,drb_ra,ip,3.130.196.221,,https://twitter.com/drb_ra/status/1680651867041193990
2023-07-16 18:53:32,drb_ra,ip,3.132.94.5,,https://twitter.com/drb_ra/status/1680651900356554754
2023-07-16 18:53:39,drb_ra,ip,3.131.231.5,,https://twitter.com/drb_ra/status/1680651930937204737
2023-07-16 18:53:47,drb_ra,ip,3.139.196.148,,https://twitter.com/drb_ra/status/1680651964353335299
2023-07-16 18:53:54,drb_ra,ip,18.191.16.224,,https://twitter.com/drb_ra/status/1680651993063333889
2023-07-16 18:54:03,drb_ra,ip,3.131.44.28,,https://twitter.com/drb_ra/status/1680652029289529345
2023-07-16 18:54:10,drb_ra,ip,167.56.122.29,,https://twitter.com/drb_ra/status/1680652058909614080
2023-07-16 18:54:18,drb_ra,ip,62.234.185.181,,https://twitter.com/drb_ra/status/1680652093269442560
2023-07-16 18:56:24,drb_ra,ip,172.111.236.107,#Dcrat,https://twitter.com/drb_ra/status/1680652621697232899
2023-07-16 18:56:31,drb_ra,ip,70.50.83.132,#Qakbot,https://twitter.com/drb_ra/status/1680652651283841026
2023-07-16 18:56:38,drb_ra,ip,41.62.66.231,#Qakbot,https://twitter.com/drb_ra/status/1680652677716361220
2023-07-16 18:56:45,drb_ra,ip,93.210.165.238,#Qakbot,https://twitter.com/drb_ra/status/1680652707676168197
2023-07-16 18:56:54,drb_ra,ip,181.171.231.33,#Qakbot,https://twitter.com/drb_ra/status/1680652745454366720
2023-07-16 19:03:03,drb_ra,url,https://ns1.mdstech.com.tw/fd/ls/,#CobaltStrike,https://twitter.com/drb_ra/status/1680654293139968004
2023-07-16 19:03:03,drb_ra,url,https://ns2.mdstech.com.tw/fd/ls/,#CobaltStrike,https://twitter.com/drb_ra/status/1680654293139968004
2023-07-16 19:03:03,drb_ra,ip,166.1.18.100,#CobaltStrike,https://twitter.com/drb_ra/status/1680654293139968004
2023-07-16 19:24:59,Cyanotle,domain,overbit.live,#scam #malware,https://twitter.com/Cyanotle/status/1680659815679262721
2023-07-16 20:03:15,noladefense,url,https://pub-da76488708e44169a0214f0319049885.r2.dev/inslo.htm,#phishing,https://twitter.com/noladefense/status/1680669442403975170
2023-07-16 20:03:15,noladefense,md5,da76488708e44169a0214f0319049885,#phishing,https://twitter.com/noladefense/status/1680669442403975170
2023-07-16 20:18:10,noladefense,url,https://nerve-odds.dsmtp.com,#phishing,https://twitter.com/noladefense/status/1680673196796698626
2023-07-16 20:18:10,noladefense,ip,45.159.208.199,#phishing,https://twitter.com/noladefense/status/1680673196796698626
2023-07-16 20:18:15,noladefense,url,https://pub-64b6655e667e44b99068622fd5dabd15.r2.dev/savv.html,#phishing,https://twitter.com/noladefense/status/1680673217181020160
2023-07-16 20:18:15,noladefense,md5,64b6655e667e44b99068622fd5dabd15,#phishing,https://twitter.com/noladefense/status/1680673217181020160
2023-07-16 20:19:32,noladefense,ip,182.162.17.130,#phishing,https://twitter.com/noladefense/status/1680673542222774273
2023-07-16 20:19:32,noladefense,url,https://www.amzar.bio,#phishing,https://twitter.com/noladefense/status/1680673542222774273
2023-07-16 20:27:32,drb_ra,ip,195.201.43.239,,https://twitter.com/drb_ra/status/1680675554851258368
2023-07-16 20:27:32,drb_ra,url,https://195.201.43.239:8443,,https://twitter.com/drb_ra/status/1680675554851258368
2023-07-16 20:33:16,noladefense,url,https://pub-34b7b83e187e4a25afdca8f3ce574c87.r2.dev/aaa.html,#phishing,https://twitter.com/noladefense/status/1680676999805673472
2023-07-16 20:33:16,noladefense,md5,34b7b83e187e4a25afdca8f3ce574c87,#phishing,https://twitter.com/noladefense/status/1680676999805673472
2023-07-16 20:33:20,noladefense,url,https://pub-e3494580a2704aba9190774a3926f0e9.r2.dev/flo.htm,#phishing,https://twitter.com/noladefense/status/1680677015567978497
2023-07-16 20:33:20,noladefense,md5,e3494580a2704aba9190774a3926f0e9,#phishing,https://twitter.com/noladefense/status/1680677015567978497
2023-07-16 21:03:15,noladefense,ip,117.18.15.215,#phishing,https://twitter.com/noladefense/status/1680684545467727877
2023-07-16 21:03:15,noladefense,url,http://telegrmn.vip,#phishing,https://twitter.com/noladefense/status/1680684545467727877
2023-07-16 21:30:50,point_d_ironie,url,https://ppayl.pvrlujj.cn,#phishing,https://twitter.com/point_d_ironie/status/1680691484780298240
2023-07-16 22:20:36,v4ensics,url,https://govgr-kyc.trwb.xyz/gr/.,#phishing,https://twitter.com/v4ensics/status/1680704011194847232
2023-07-16 22:20:36,v4ensics,url,https://rcl.ink/zKBOA),#phishing,https://twitter.com/v4ensics/status/1680704011194847232
2023-07-16 22:30:38,v4ensics,url,https://www.simonedefranceschi.it/Alphabnakgr/Login.html,#phishing,https://twitter.com/v4ensics/status/1680706535800942594
2023-07-16 22:30:38,v4ensics,url,http://loukjinhfgtrei.wpenginepowered.com,#phishing,https://twitter.com/v4ensics/status/1680706535800942594
2023-07-16 22:33:17,noladefense,url,https://netflix-webpage.com/en/steps/login.php,#phishing,https://twitter.com/noladefense/status/1680707199851548673
2023-07-16 22:33:17,noladefense,ip,213.226.123.202,#phishing,https://twitter.com/noladefense/status/1680707199851548673
2023-07-16 22:33:52,kubotaa3,ip,91.215.85.20,#phishing,https://twitter.com/kubotaa3/status/1680707349676433408
2023-07-16 22:33:52,kubotaa3,url,https://support-mizuhobank.is,#phishing,https://twitter.com/kubotaa3/status/1680707349676433408
2023-07-16 22:34:41,drb_ra,ip,124.221.126.235,#CobaltStrike,https://twitter.com/drb_ra/status/1680707555524321286
2023-07-16 22:34:41,drb_ra,url,https://124.221.126.235/ptj,#CobaltStrike,https://twitter.com/drb_ra/status/1680707555524321286
2023-07-16 22:36:50,drb_ra,url,https://43.154.14.120/jquery-3.3.1.min.js,#CobaltStrike,https://twitter.com/drb_ra/status/1680708092831383558
2023-07-16 22:36:50,drb_ra,ip,43.154.14.120,#CobaltStrike,https://twitter.com/drb_ra/status/1680708092831383558
2023-07-16 22:36:57,drb_ra,ip,43.136.27.234,#CobaltStrike,https://twitter.com/drb_ra/status/1680708123055489026
2023-07-16 22:36:57,drb_ra,url,https://43.136.27.234/push,#CobaltStrike,https://twitter.com/drb_ra/status/1680708123055489026
2023-07-16 23:01:10,CyberSecApe,url,https://westpacauser.com/MobileLogin.php,#phishing #scam,https://twitter.com/CyberSecApe/status/1680714216712581120
2023-07-16 23:17:14,drb_ra,ip,182.92.70.43,#CobaltStrike,https://twitter.com/drb_ra/status/1680718262886121473
2023-07-16 23:17:14,drb_ra,url,https://182.92.70.43/g.pixel,#CobaltStrike,https://twitter.com/drb_ra/status/1680718262886121473
2023-07-16 23:17:23,drb_ra,url,https://45.207.27.31/updates.rss,#CobaltStrike,https://twitter.com/drb_ra/status/1680718299959644162
2023-07-16 23:17:23,drb_ra,ip,45.207.27.31,#CobaltStrike,https://twitter.com/drb_ra/status/1680718299959644162
2023-07-16 23:17:31,drb_ra,url,https://124.220.215.247/pixel.gif,#CobaltStrike,https://twitter.com/drb_ra/status/1680718332490575875
2023-07-16 23:17:31,drb_ra,ip,124.220.215.247,#CobaltStrike,https://twitter.com/drb_ra/status/1680718332490575875
2023-07-16 23:17:39,drb_ra,url,https://121.43.35.47/updates,#CobaltStrike,https://twitter.com/drb_ra/status/1680718364879261697
2023-07-16 23:17:39,drb_ra,ip,121.43.35.47,#CobaltStrike,https://twitter.com/drb_ra/status/1680718364879261697
2023-07-16 23:17:46,drb_ra,url,https://182.92.131.14/dot.gif,#CobaltStrike,https://twitter.com/drb_ra/status/1680718397590450177
2023-07-16 23:17:46,drb_ra,ip,182.92.131.14,#CobaltStrike,https://twitter.com/drb_ra/status/1680718397590450177
2023-07-16 23:17:54,drb_ra,url,https://54.183.172.133/j.ad,#CobaltStrike,https://twitter.com/drb_ra/status/1680718428963758083
2023-07-16 23:17:54,drb_ra,ip,54.183.172.133,#CobaltStrike,https://twitter.com/drb_ra/status/1680718428963758083
2023-07-16 23:18:02,drb_ra,url,https://139.159.203.44/IE9CompatViewList.xml,#CobaltStrike,https://twitter.com/drb_ra/status/1680718464221077505
2023-07-16 23:18:09,noladefense,url,https://qwrutroyubsd.top,#phishing,https://twitter.com/noladefense/status/1680718491203018753
2023-07-16 23:18:11,drb_ra,url,https://43.207.191.238/MicrosoftUpdate/ShellEx/KB242742/default.aspx,#CobaltStrike,https://twitter.com/drb_ra/status/1680718498757066753
2023-07-16 23:18:11,drb_ra,ip,43.207.191.238,#CobaltStrike,https://twitter.com/drb_ra/status/1680718498757066753
2023-07-16 23:18:12,noladefense,url,https://hfdkiuypssd.top,#phishing,https://twitter.com/noladefense/status/1680718506478764034
2023-07-16 23:18:19,drb_ra,ip,45.76.33.111,#CobaltStrike,https://twitter.com/drb_ra/status/1680718535842988034
2023-07-16 23:18:19,drb_ra,url,https://45.76.33.111/dpixel,#CobaltStrike,https://twitter.com/drb_ra/status/1680718535842988034
2023-07-16 23:18:27,drb_ra,ip,106.75.215.25,#CobaltStrike,https://twitter.com/drb_ra/status/1680718569967894528
2023-07-16 23:18:27,drb_ra,url,https://106.75.215.25/dot.gif,#CobaltStrike,https://twitter.com/drb_ra/status/1680718569967894528
2023-07-16 23:18:35,drb_ra,ip,154.22.125.199,#CobaltStrike,https://twitter.com/drb_ra/status/1680718603467759616
2023-07-16 23:18:43,drb_ra,url,https://43.138.154.3/cm,#CobaltStrike,https://twitter.com/drb_ra/status/1680718634568540160
2023-07-16 23:18:43,drb_ra,ip,43.138.154.3,#CobaltStrike,https://twitter.com/drb_ra/status/1680718634568540160
2023-07-16 23:20:49,drb_ra,url,https://3.216.88.182/match,#CobaltStrike,https://twitter.com/drb_ra/status/1680719164908904450
2023-07-16 23:20:49,drb_ra,ip,3.216.88.182,#CobaltStrike,https://twitter.com/drb_ra/status/1680719164908904450
2023-07-16 23:20:57,drb_ra,ip,47.99.171.179,#CobaltStrike,https://twitter.com/drb_ra/status/1680719196307570692
2023-07-16 23:20:57,drb_ra,url,https://47.99.171.179/__utm.gif,#CobaltStrike,https://twitter.com/drb_ra/status/1680719196307570692
2023-07-16 23:21:05,drb_ra,ip,42.193.108.198,#CobaltStrike,https://twitter.com/drb_ra/status/1680719229245353986
2023-07-16 23:21:05,drb_ra,url,https://42.193.108.198/push,#CobaltStrike,https://twitter.com/drb_ra/status/1680719229245353986
2023-07-16 23:21:12,drb_ra,ip,104.168.54.203,#CobaltStrike,https://twitter.com/drb_ra/status/1680719258957824000
2023-07-16 23:21:12,drb_ra,url,https://104.168.54.203/cx,#CobaltStrike,https://twitter.com/drb_ra/status/1680719258957824000
2023-07-16 23:31:02,point_d_ironie,url,https://bk.mufg.syssailing.com/?/ibg/dfw/APLIN/loginib/login?,#phishing,https://twitter.com/point_d_ironie/status/1680721734474006528
2023-07-16 23:41:05,CyberSecApe,url,https://westpahonline.com,#phishing #scam,https://twitter.com/CyberSecApe/status/1680724265069608960
2023-07-17 00:05:58,TrackerC2Bot,ip,143.0.87.101,#malware,https://twitter.com/TrackerC2Bot/status/1680730526020141057
2023-07-17 00:05:58,TrackerC2Bot,ip,181.31.211.181,#malware,https://twitter.com/TrackerC2Bot/status/1680730526020141057
2023-07-17 00:05:58,TrackerC2Bot,ip,185.140.53.135,#malware,https://twitter.com/TrackerC2Bot/status/1680730526020141057
2023-07-17 00:05:58,TrackerC2Bot,ip,190.163.1.31,#malware,https://twitter.com/TrackerC2Bot/status/1680730526020141057
2023-07-17 00:27:34,CyberSecApe,url,https://bendigobank-official.com/pages,#phishing #scam,https://twitter.com/CyberSecApe/status/1680735962329128960
2023-07-17 00:32:18,CyberSecApe,url,https://taxrebateserviceupdate.com,#phishing #scam,https://twitter.com/CyberSecApe/status/1680737151250731009
2023-07-17 00:39:14,CyberSecApe,url,https://order-status1.com,#phishing #scam,https://twitter.com/CyberSecApe/status/1680738897628909568
2023-07-17 00:51:15,CyberSecApe,url,https://anzliveportal.com,#phishing #scam,https://twitter.com/CyberSecApe/status/1680741922875514880
2023-07-17 01:03:10,noladefense,ip,192.227.197.123,#phishing,https://twitter.com/noladefense/status/1680744921907568641
2023-07-17 01:03:10,noladefense,url,https://zvcjgegds.top,#phishing,https://twitter.com/noladefense/status/1680744921907568641
2023-07-17 01:04:43,CyberSecApe,url,https://bendigonline-verif.com/login.page.php,#phishing #scam,https://twitter.com/CyberSecApe/status/1680745311143346177
2023-07-17 01:33:08,noladefense,ip,107.173.15.152,#phishing,https://twitter.com/noladefense/status/1680752461819068416
2023-07-17 01:33:08,noladefense,url,https://plantsupporter.com,#phishing,https://twitter.com/noladefense/status/1680752461819068416
2023-07-17 01:39:53,CyberSecApe,url,https://online-helpdesk-verification.com/westpac/login.php,#phishing #scam,https://twitter.com/CyberSecApe/status/1680754162525671424
2023-07-17 02:16:08,CyberSecApe,url,https://qan1.top/qantas1,#phishing #scam,https://twitter.com/CyberSecApe/status/1680763283916328961
2023-07-17 02:16:08,CyberSecApe,domain,yisu.com,#phishing #scam,https://twitter.com/CyberSecApe/status/1680763283916328961
2023-07-17 02:33:08,noladefense,url,https://pagoda-pattaya.com,#phishing,https://twitter.com/noladefense/status/1680767562559225856
2023-07-17 02:33:13,noladefense,ip,47.87.149.134,#phishing,https://twitter.com/noladefense/status/1680767582004027394
2023-07-17 02:33:13,noladefense,url,https://www.go-azamna-ouan-co-jp-quenbin.wxjygj.cn,#phishing,https://twitter.com/noladefense/status/1680767582004027394
2023-07-17 02:38:25,drb_ra,url,https://xisowah.info/put/util/AXXRV7P4,#CobaltStrike,https://twitter.com/drb_ra/status/1680768890580742147
2023-07-17 02:38:25,drb_ra,url,https://185.243.113.173/put/util/AXXRV7P4,#CobaltStrike,https://twitter.com/drb_ra/status/1680768890580742147
2023-07-17 02:38:25,drb_ra,ip,185.243.113.173,#CobaltStrike,https://twitter.com/drb_ra/status/1680768890580742147
2023-07-17 03:17:51,CyberSecApe,url,https://w3zx.top/qantas1,#phishing #scam,https://twitter.com/CyberSecApe/status/1680778815092723713
2023-07-17 03:44:05,noladefense,ip,47.87.144.156,#phishing,https://twitter.com/noladefense/status/1680785417140830211
2023-07-17 03:44:05,noladefense,url,https://smbc.hzjsny.com,#phishing,https://twitter.com/noladefense/status/1680785417140830211
2023-07-17 03:48:08,noladefense,url,https://koiodikhfs.top,#phishing,https://twitter.com/noladefense/status/1680786438009257984
2023-07-17 03:48:12,noladefense,url,https://mnvcbcgre.top,#phishing,https://twitter.com/noladefense/status/1680786452995506176
2023-07-17 03:48:16,noladefense,url,https://bczfaeauu.top,#phishing,https://twitter.com/noladefense/status/1680786467650523140
2023-07-17 03:48:19,noladefense,url,https://www.julyparts.com/nf/,#phishing,https://twitter.com/noladefense/status/1680786481885880320
2023-07-17 03:48:19,noladefense,ip,69.49.230.72,#phishing,https://twitter.com/noladefense/status/1680786481885880320
2023-07-17 03:57:24,bakabanker2,domain,dianyuane.com,#phishing,https://twitter.com/bakabanker2/status/1680788768306135040
2023-07-17 04:14:27,harugasumi,url,https://s.id/paypayip-co-jp/,#phishing,https://twitter.com/harugasumi/status/1680793056856129537
2023-07-17 04:14:27,harugasumi,url,https://www.paypyaid.com,#phishing,https://twitter.com/harugasumi/status/1680793056856129537
2023-07-17 04:14:27,harugasumi,ip,179.43.162.70,#phishing,https://twitter.com/harugasumi/status/1680793056856129537
2023-07-17 04:18:15,noladefense,url,https://pub-2aa27cd042a3415694722f69c0ab16ae.r2.dev/keepsamepassword.html,#phishing,https://twitter.com/noladefense/status/1680794013262118914
2023-07-17 04:18:15,noladefense,md5,2aa27cd042a3415694722f69c0ab16ae,#phishing,https://twitter.com/noladefense/status/1680794013262118914
2023-07-17 04:18:17,noladefense,url,https://www.del-pinar.com.ar/wp-content/uploads/2023/04/netf/en/login.php,#phishing,https://twitter.com/noladefense/status/1680794023395573762
2023-07-17 04:33:10,noladefense,ip,23.224.99.214,#phishing,https://twitter.com/noladefense/status/1680797770934804480
2023-07-17 04:39:35,harugasumi,url,https://www.etc.or.login.fieasdld.shop/M872u7z9Q1p0a.php?B8aua67HQ782jb=&lt;任意のtoken必須&gt;,#phishing,https://twitter.com/harugasumi/status/1680799382718017536
2023-07-17 04:40:33,kubotaa3,ip,96.45.169.14,#phishing,https://twitter.com/kubotaa3/status/1680799625111035904
2023-07-17 04:40:33,kubotaa3,url,https://weiyungui.com,#phishing,https://twitter.com/kubotaa3/status/1680799625111035904
2023-07-17 05:03:12,noladefense,url,https://rwutklhds.top,#phishing,https://twitter.com/noladefense/status/1680805325291626496
2023-07-17 05:33:16,harugasumi,url,https://tdovfuqidfndlfs.top,#phishing,https://twitter.com/harugasumi/status/1680812892214661120
2023-07-17 05:49:28,AKanrisya68120,ip,106.73.201.129,#phishing,https://twitter.com/AKanrisya68120/status/1680816969371779072
2023-07-17 05:49:28,AKanrisya68120,md5,1764a1a6cc812005d7e63259a23f0c9d,#phishing,https://twitter.com/AKanrisya68120/status/1680816969371779072
2023-07-17 06:01:19,TrackerC2Bot,ip,94.131.112.27,#malware,https://twitter.com/TrackerC2Bot/status/1680819952456986625
2023-07-17 06:21:39,harugasumi,url,https://www.etc.information.thepathofthecondor.com/a290dTE2NzM0OD9rYWhvQG1iYS5vY24ubmUuanA,#phishing,https://twitter.com/harugasumi/status/1680825068165931009
2023-07-17 06:38:17,harugasumi,url,http://bfgdtaav4.2waky.com/?～,#phishing,https://twitter.com/harugasumi/status/1680829254597230592
2023-07-17 06:38:17,harugasumi,url,http://y6aot7xc.q81291c.top?id=&lt;数字&gt;&amp;t=&lt;数字&gt;&amp;m=m1&amp;d=&lt;メルアド&gt;,#phishing,https://twitter.com/harugasumi/status/1680829254597230592
2023-07-17 06:40:03,KesaGataMe0,url,https://swisposelan.co,#phishing,https://twitter.com/KesaGataMe0/status/1680829698643988480
2023-07-17 06:40:03,KesaGataMe0,ip,143.198.79.127,#phishing,https://twitter.com/KesaGataMe0/status/1680829698643988480
2023-07-17 06:40:03,KesaGataMe0,url,https://yamatopay.co,#phishing,https://twitter.com/KesaGataMe0/status/1680829698643988480
2023-07-17 06:40:25,StopMalvertisin,md5,0af0eeaac65d4a12706157a59180fde6,,https://twitter.com/StopMalvertisin/status/1680829794538393602
2023-07-17 06:40:25,StopMalvertisin,md5,b6ad6198e155921dc11c855c03d8c264,,https://twitter.com/StopMalvertisin/status/1680829794538393602
2023-07-17 06:40:25,StopMalvertisin,md5,998c79456d9782eb1a03140e04f36d46,,https://twitter.com/StopMalvertisin/status/1680829794538393602
2023-07-17 06:43:37,KesaGataMe0,url,https://aeom-jp.top,#phishing,https://twitter.com/KesaGataMe0/status/1680830595855974401
2023-07-17 06:43:37,KesaGataMe0,ip,8.210.167.7,#phishing,https://twitter.com/KesaGataMe0/status/1680830595855974401
2023-07-17 06:44:24,KesaGataMe0,url,https://jlbunbank.top,#phishing,https://twitter.com/KesaGataMe0/status/1680830792875003904
2023-07-17 06:45:29,drb_ra,ip,45.61.137.200,,https://twitter.com/drb_ra/status/1680831067073159168
2023-07-17 06:45:57,drb_ra,ip,5.75.238.234,,https://twitter.com/drb_ra/status/1680831183133855744
2023-07-17 06:46:02,drb_ra,ip,124.222.166.93,,https://twitter.com/drb_ra/status/1680831205531426816
2023-07-17 06:47:09,KesaGataMe0,url,https://accvojp.org/login,#phishing,https://twitter.com/KesaGataMe0/status/1680831485543333888
2023-07-17 06:48:09,noladefense,ip,43.163.201.174,#phishing,https://twitter.com/noladefense/status/1680831736895221765
2023-07-17 06:48:09,noladefense,url,https://vrwec34.itemdb.com/login.php,#phishing,https://twitter.com/noladefense/status/1680831736895221765
2023-07-17 06:48:13,noladefense,url,https://wnueocwe79c.mrbasic.com/login.php,#phishing,https://twitter.com/noladefense/status/1680831755064864768
2023-07-17 06:48:16,noladefense,url,https://wecyiwec68.yourtrap.com/login.php,#phishing,https://twitter.com/noladefense/status/1680831768427986946
2023-07-17 06:48:17,noladefense,url,https://webcyiwec68.yourtrap.com/login.php,#phishing,https://twitter.com/noladefense/status/1680831771502432256
2023-07-17 06:48:20,noladefense,url,https://wnuec79.mrbasic.com/login.php,#phishing,https://twitter.com/noladefense/status/1680831786517921792
2023-07-17 06:48:20,noladefense,url,https://wcbywiec68.jungleheart.com/login.php,#phishing,https://twitter.com/noladefense/status/1680831785427431426
2023-07-17 06:49:15,drb_ra,ip,159.223.202.160,,https://twitter.com/drb_ra/status/1680832014834909186
2023-07-17 06:49:22,drb_ra,ip,43.153.184.17,,https://twitter.com/drb_ra/status/1680832044757024768
2023-07-17 06:49:27,drb_ra,ip,190.135.177.179,,https://twitter.com/drb_ra/status/1680832063807664130
2023-07-17 06:49:54,drb_ra,ip,79.137.199.98,,https://twitter.com/drb_ra/status/1680832179310305280
2023-07-17 06:49:59,drb_ra,ip,3.18.216.192,,https://twitter.com/drb_ra/status/1680832198415462400
2023-07-17 06:51:03,drb_ra,ip,45.246.224.116,#Qakbot,https://twitter.com/drb_ra/status/1680832467488456704
2023-07-17 06:51:08,drb_ra,ip,64.229.252.101,#Qakbot,https://twitter.com/drb_ra/status/1680832491328774144
2023-07-17 06:51:12,drb_ra,ip,124.149.130.151,#Qakbot,https://twitter.com/drb_ra/status/1680832505182658560
2023-07-17 06:51:14,drb_ra,ip,201.226.241.213,#Qakbot,https://twitter.com/drb_ra/status/1680832514087174144
2023-07-17 06:51:17,drb_ra,ip,187.233.47.221,#Qakbot,https://twitter.com/drb_ra/status/1680832526967877634
2023-07-17 06:51:19,drb_ra,ip,181.99.52.215,#Qakbot,https://twitter.com/drb_ra/status/1680832535746453504
2023-07-17 06:51:36,drb_ra,ip,89.211.209.74,#Dcrat,https://twitter.com/drb_ra/status/1680832606772899841
2023-07-17 06:51:39,drb_ra,ip,38.242.139.217,#Dcrat,https://twitter.com/drb_ra/status/1680832621037723648
2023-07-17 06:51:44,drb_ra,ip,185.246.222.117,#Dcrat,https://twitter.com/drb_ra/status/1680832640830586880
2023-07-17 06:52:21,KesaGataMe0,url,https://yikaowange.com,#phishing,https://twitter.com/KesaGataMe0/status/1680832796389167104
2023-07-17 06:52:21,KesaGataMe0,url,https://chinarkeq.com,#phishing,https://twitter.com/KesaGataMe0/status/1680832796389167104
2023-07-17 06:52:21,KesaGataMe0,url,https://tellhowd.com,#phishing,https://twitter.com/KesaGataMe0/status/1680832796389167104
2023-07-17 06:52:21,KesaGataMe0,ip,192.161.165.197,#phishing,https://twitter.com/KesaGataMe0/status/1680832796389167104
2023-07-17 06:52:21,KesaGataMe0,url,https://junlebaoruyez.com,#phishing,https://twitter.com/KesaGataMe0/status/1680832796389167104
2023-07-17 06:52:21,KesaGataMe0,url,https://hainansinah.com,#phishing,https://twitter.com/KesaGataMe0/status/1680832796389167104
2023-07-17 06:52:21,KesaGataMe0,url,https://opembdbn.com,#phishing,https://twitter.com/KesaGataMe0/status/1680832796389167104
2023-07-17 06:52:21,KesaGataMe0,url,https://chitripp.com,#phishing,https://twitter.com/KesaGataMe0/status/1680832796389167104
2023-07-17 06:56:08,KesaGataMe0,url,https://web.support-mizuhobank.is,#phishing,https://twitter.com/KesaGataMe0/status/1680833748668121088
2023-07-17 06:56:08,KesaGataMe0,url,https://support-mizuhobank.is,#phishing,https://twitter.com/KesaGataMe0/status/1680833748668121088
2023-07-17 06:56:08,KesaGataMe0,ip,91.215.85.20,#phishing,https://twitter.com/KesaGataMe0/status/1680833748668121088
2023-07-17 07:06:39,ginkgo_g,md5,81101978f4920d9bf1ff29adb4cf87f9,,https://twitter.com/ginkgo_g/status/1680836396389634049
2023-07-17 07:06:46,suyog41,md5,f7661c20b65442116f47c0857c2a56ed,#ransomware,https://twitter.com/suyog41/status/1680836422633156609
2023-07-17 07:07:19,ScumBots,sha256,7dd1bce12c35fd8c9252f5c261986fee97d2c32ee2a1f9e0206587856d2e1919,#Remcos,https://twitter.com/ScumBots/status/1680836562810990592
2023-07-17 07:09:46,K_N1kolenko,ip,91.208.52.190,#RedLine,https://twitter.com/K_N1kolenko/status/1680837177368780800
2023-07-17 07:09:46,K_N1kolenko,ip,185.46.46.130,#RedLine,https://twitter.com/K_N1kolenko/status/1680837177368780800
2023-07-17 07:09:46,K_N1kolenko,ip,5.35.33.167,#RedLine,https://twitter.com/K_N1kolenko/status/1680837177368780800
2023-07-17 07:09:46,K_N1kolenko,ip,185.106.92.81,#RedLine,https://twitter.com/K_N1kolenko/status/1680837177368780800
2023-07-17 07:09:46,K_N1kolenko,ip,77.91.68.56,#RedLine,https://twitter.com/K_N1kolenko/status/1680837177368780800
2023-07-17 07:09:46,K_N1kolenko,ip,46.151.30.108,#RedLine,https://twitter.com/K_N1kolenko/status/1680837177368780800
2023-07-17 07:17:03,StopMalvertisin,url,http://headsity.com/list.php?f=%COMPUTERNAME%,,https://twitter.com/StopMalvertisin/status/1680839012712611840
2023-07-17 07:17:03,StopMalvertisin,md5,d668a24ca81e99750fc0808dec51f69e,,https://twitter.com/StopMalvertisin/status/1680839012712611840
2023-07-17 07:17:03,StopMalvertisin,md5,c62a1fb8d29db14fc89fe67430f6bf30,,https://twitter.com/StopMalvertisin/status/1680839012712611840
2023-07-17 07:29:29,siri_urz,md5,d1e5ec8c92548c846b57b41104b68ae0,#ransomware,https://twitter.com/siri_urz/status/1680842140643934208
2023-07-17 07:33:09,noladefense,url,https://smbc.zaodig.com/01brnum.php,#phishing,https://twitter.com/noladefense/status/1680843061495054336
2023-07-17 07:33:09,noladefense,ip,155.94.169.62,#phishing,https://twitter.com/noladefense/status/1680843061495054336
2023-07-17 07:33:12,noladefense,ip,204.44.94.186,#phishing,https://twitter.com/noladefense/status/1680843073964716033
2023-07-17 07:33:12,noladefense,url,https://smbc.yotoor.com/01brnum.php,#phishing,https://twitter.com/noladefense/status/1680843073964716033
2023-07-17 07:39:42,StopMalvertisin,md5,8100d6d5524e040874bf8348384a2017,,https://twitter.com/StopMalvertisin/status/1680844712675270656
2023-07-17 08:03:12,noladefense,ip,34.85.66.160,#phishing,https://twitter.com/noladefense/status/1680850626320777216
2023-07-17 08:03:12,noladefense,url,https://certificates-certificates.homingbeacon.net,#phishing,https://twitter.com/noladefense/status/1680850626320777216
2023-07-17 08:33:10,noladefense,url,https://administration-adolescent.mrbasic.com,#phishing,https://twitter.com/noladefense/status/1680858165896675329
2023-07-17 08:33:10,noladefense,ip,193.43.94.139,#phishing,https://twitter.com/noladefense/status/1680858165896675329
2023-07-17 08:33:18,noladefense,url,http://cniilp.ao/index.php,#phishing,https://twitter.com/noladefense/status/1680858199967055873
2023-07-17 08:33:18,noladefense,ip,154.116.254.10,#phishing,https://twitter.com/noladefense/status/1680858199967055873
2023-07-17 08:33:36,noladefense,ip,152.32.202.49,#phishing,https://twitter.com/noladefense/status/1680858275447816192
2023-07-17 08:38:03,ReBensk,md5,4cd83e3cc492dfceb0518931ca311f4b,#malware,https://twitter.com/ReBensk/status/1680859396862255104
2023-07-17 08:48:18,noladefense,url,https://rhearteweb-d43828.ingress-erytho.ewp.live/usa/,#phishing,https://twitter.com/noladefense/status/1680861976589639682
2023-07-17 08:48:18,noladefense,ip,63.250.43.132,#phishing,https://twitter.com/noladefense/status/1680861976589639682
2023-07-17 09:03:09,noladefense,url,https://certificates-certificates.acmetoy.com,#phishing,https://twitter.com/noladefense/status/1680865710652751874
2023-07-17 09:07:19,ScumBots,sha256,889008d2491e5f92d86a36cd32374eee10e745cc310bd97b23ca17c0735bb061,#Remcos,https://twitter.com/ScumBots/status/1680866763049689090
2023-07-17 09:07:39,ScumBots,sha256,190b66d218ef0d0b69b6b27cf99a62fffe29139d6f00592bede76928c9f79102,#Remcos,https://twitter.com/ScumBots/status/1680866843882299393
2023-07-17 09:07:58,ScumBots,sha256,f9757e655b46d179dfadee752d8d147d1ef2add907a8712755dffc158667b1e4,#Remcos,https://twitter.com/ScumBots/status/1680866924295516161
2023-07-17 09:33:45,Jane_0sint,ip,113.125.92.32,,https://twitter.com/Jane_0sint/status/1680873413366218753
2023-07-17 09:33:45,Jane_0sint,ip,111.203.161.31,,https://twitter.com/Jane_0sint/status/1680873413366218753
2023-07-17 09:33:45,Jane_0sint,ip,47.100.65.182,,https://twitter.com/Jane_0sint/status/1680873413366218753
2023-07-17 09:40:46,drb_ra,url,https://119.45.11.236/jquery-3.3.1.min.js,#CobaltStrike,https://twitter.com/drb_ra/status/1680875177205194752
2023-07-17 09:40:46,drb_ra,ip,119.45.11.236,#CobaltStrike,https://twitter.com/drb_ra/status/1680875177205194752
2023-07-17 09:48:11,noladefense,url,https://aepouitghds.top,#phishing,https://twitter.com/noladefense/status/1680877043725082628
2023-07-17 10:01:26,drb_ra,ip,167.172.96.177,,https://twitter.com/drb_ra/status/1680880378758701062
2023-07-17 10:01:26,drb_ra,url,https://167.172.96.177:443,,https://twitter.com/drb_ra/status/1680880378758701062
2023-07-17 10:18:10,noladefense,url,https://dynamic-desired.jungleheart.com,#phishing,https://twitter.com/noladefense/status/1680884590242672640
2023-07-17 10:33:08,noladefense,url,https://above-accident.toythieves.com,#phishing,https://twitter.com/noladefense/status/1680888355913859072
2023-07-17 10:47:11,kubotaa3,url,https://paycheckanswers.is,#phishing,https://twitter.com/kubotaa3/status/1680891893708918784
2023-07-17 10:54:49,romonlyht,ip,60.251.42.10,#phishing,https://twitter.com/romonlyht/status/1680893812280037378
2023-07-17 10:54:49,romonlyht,ip,202.229.132.239,#phishing,https://twitter.com/romonlyht/status/1680893812280037378
2023-07-17 11:07:19,ScumBots,sha256,a47de008d965b4432d1ac9b422db6b30adea67d6a10e1957cfd10bd4428927ab,#Remcos,https://twitter.com/ScumBots/status/1680896959031246850
2023-07-17 11:07:38,ScumBots,sha256,6a5a9f5c3587c3e3cca2b8154f80137ac89ddd1bf9a3ebd3856fb1cc327553ee,#Remcos,https://twitter.com/ScumBots/status/1680897039016624128
2023-07-17 11:21:05,siri_urz,md5,97019e7ec9f4f8cbd0899283780b4ee7,#ransomware,https://twitter.com/siri_urz/status/1680900424864260097
2023-07-17 11:33:10,noladefense,url,https://agricultural-although.freetcp.com,#phishing,https://twitter.com/noladefense/status/1680903464379985922
2023-07-17 12:01:37,TrackerC2Bot,domain,7.tcp.eu.ngrok.io,#malware,https://twitter.com/TrackerC2Bot/status/1680910624128225280
2023-07-17 12:01:37,TrackerC2Bot,ip,209.25.141.223,#malware,https://twitter.com/TrackerC2Bot/status/1680910624128225280
2023-07-17 12:01:37,TrackerC2Bot,ip,95.214.26.108,#malware,https://twitter.com/TrackerC2Bot/status/1680910624128225280
2023-07-17 12:29:31,drb_ra,ip,120.53.94.50,#CobaltStrike,https://twitter.com/drb_ra/status/1680917644835270663
2023-07-17 12:29:31,drb_ra,url,https://service-0odwwo2z-1256327773.bj.apigw.tencentcs.com/api/x,#CobaltStrike,https://twitter.com/drb_ra/status/1680917644835270663
2023-07-17 12:30:42,drb_ra,url,https://114.132.76.158/ptj,#CobaltStrike,https://twitter.com/drb_ra/status/1680917945189269505
2023-07-17 12:30:42,drb_ra,ip,114.132.76.158,#CobaltStrike,https://twitter.com/drb_ra/status/1680917945189269505
2023-07-17 12:30:56,drb_ra,url,https://116.62.7.54/log,#CobaltStrike,https://twitter.com/drb_ra/status/1680918004354232325
2023-07-17 12:30:56,drb_ra,ip,116.62.7.54,#CobaltStrike,https://twitter.com/drb_ra/status/1680918004354232325
2023-07-17 12:31:46,drb_ra,url,https://47.120.2.120/jquery-3.3.1.min.js,#CobaltStrike,https://twitter.com/drb_ra/status/1680918211754176512
2023-07-17 12:31:46,drb_ra,ip,47.120.2.120,#CobaltStrike,https://twitter.com/drb_ra/status/1680918211754176512
2023-07-17 12:32:11,drb_ra,ip,101.43.156.246,#CobaltStrike,https://twitter.com/drb_ra/status/1680918318927040513
2023-07-17 12:32:11,drb_ra,url,https://baidu.com/jquery-3.3.1.min.js,#CobaltStrike,https://twitter.com/drb_ra/status/1680918318927040513
2023-07-17 12:32:30,drb_ra,url,https://124.221.219.154/maps/overlaybfpr,#CobaltStrike,https://twitter.com/drb_ra/status/1680918395674304512
2023-07-17 12:32:30,drb_ra,ip,124.221.219.154,#CobaltStrike,https://twitter.com/drb_ra/status/1680918395674304512
2023-07-17 13:19:30,noladefense,ip,107.148.42.212,#phishing,https://twitter.com/noladefense/status/1680930225234890754
2023-07-17 13:19:30,noladefense,url,https://jp.cqzz3.xyz,#phishing,https://twitter.com/noladefense/status/1680930225234890754
2023-07-17 13:33:12,noladefense,url,https://dynamic-desired.serveuser.com,#phishing,https://twitter.com/noladefense/status/1680933671639867394
2023-07-17 13:40:01,AloisKobler,domain,online-bankaustria-at-eservices2023psdi754465.codeanyapp.com,#phishing,https://twitter.com/AloisKobler/status/1680935388456665088
2023-07-17 13:45:11,AloisKobler,domain,ligorsolution.com,#phishing,https://twitter.com/AloisKobler/status/1680936687470272512
2023-07-17 13:48:19,noladefense,ip,165.232.37.19,#phishing,https://twitter.com/noladefense/status/1680937475370262531
2023-07-17 13:48:19,noladefense,url,https://servicecsnet083.duckdns.org/NCI3x316USCISYXwiauEmEXhO2kyIaAg/q6bNajF5oISXekCO.jsp,#phishing,https://twitter.com/noladefense/status/1680937475370262531
2023-07-17 13:48:40,AloisKobler,domain,isolationpolyurethane.lu,#phishing,https://twitter.com/AloisKobler/status/1680937564008587264
2023-07-17 13:52:24,petrovic082,ip,185.252.179.165,#Lokibot,https://twitter.com/petrovic082/status/1680938505529163777
2023-07-17 13:52:24,petrovic082,url,http://185.252.179.165/Desktop/,#Lokibot,https://twitter.com/petrovic082/status/1680938505529163777
2023-07-17 14:07:20,ScumBots,domain,fortuna777.duckdns.org,#Njrat,https://twitter.com/ScumBots/status/1680942261259870210
2023-07-17 14:07:20,ScumBots,sha256,db879fb9c4dc5f17da2744c2106f60fd0b62c68a5ea8e3651df163f6a884b22a,#Njrat,https://twitter.com/ScumBots/status/1680942261259870210
2023-07-17 14:13:43,1ZRR4H,domain,notifications.google.com,,https://twitter.com/1ZRR4H/status/1680943868936585216
2023-07-17 14:18:20,noladefense,ip,213.158.94.165,#phishing,https://twitter.com/noladefense/status/1680945029211213825
2023-07-17 14:18:20,noladefense,md5,d47b4bdbeee54ca386e1ac9d537b3849,#phishing,https://twitter.com/noladefense/status/1680945029211209729
2023-07-17 14:18:20,noladefense,url,https://assistenzapaypal.com,#phishing,https://twitter.com/noladefense/status/1680945029211213825
2023-07-17 14:18:24,noladefense,url,https://www.assistenzapaypal.com,#phishing,https://twitter.com/noladefense/status/1680945047779377153
2023-07-17 14:33:21,noladefense,url,https://my-business-104764-106291.square.site,#phishing,https://twitter.com/noladefense/status/1680948808677564416
2023-07-17 14:33:21,noladefense,ip,199.34.228.39,#phishing,https://twitter.com/noladefense/status/1680948808677564416
2023-07-17 14:48:12,noladefense,url,https://dynamic-desired.isasecret.com,#phishing,https://twitter.com/noladefense/status/1680952548851580928
2023-07-17 14:48:16,noladefense,ip,45.207.37.173,#phishing,https://twitter.com/noladefense/status/1680952562336387074
2023-07-17 15:48:29,noladefense,ip,103.148.202.171,#phishing,https://twitter.com/noladefense/status/1680967717514276865
2023-07-17 15:48:29,noladefense,url,http://help.plpamahapsho.com,#phishing,https://twitter.com/noladefense/status/1680967717514276865
2023-07-17 16:33:11,noladefense,url,http://202.79.161.2,#phishing,https://twitter.com/noladefense/status/1680978966243426306
2023-07-17 16:33:11,noladefense,ip,202.79.161.2,#phishing,https://twitter.com/noladefense/status/1680978966243426306
2023-07-17 17:15:16,StopMalvertisin,md5,2df08629cd344c1a724b5fd243a748f3,,https://twitter.com/StopMalvertisin/status/1680989556404015104
2023-07-17 17:15:16,StopMalvertisin,md5,34d580fb24ea1747b822f02ad3bd2d87,,https://twitter.com/StopMalvertisin/status/1680989556404015104
2023-07-17 17:15:16,StopMalvertisin,md5,9ee59ab1fa03dfcb45cc705bc900c657,,https://twitter.com/StopMalvertisin/status/1680989556404015104
2023-07-17 17:15:16,StopMalvertisin,md5,de3b62fbce59c954ca9aa690cf53ca88,,https://twitter.com/StopMalvertisin/status/1680989556404015104
2023-07-17 17:15:22,drb_ra,ip,103.193.189.251,#CobaltStrike,https://twitter.com/drb_ra/status/1680989582744076288
2023-07-17 17:15:22,drb_ra,url,https://103.193.189.251/suggest,#CobaltStrike,https://twitter.com/drb_ra/status/1680989582744076288
2023-07-17 17:15:34,drb_ra,ip,46.21.153.161,#CobaltStrike,https://twitter.com/drb_ra/status/1680989631284690951
2023-07-17 17:15:34,drb_ra,url,https://46.21.153.161/design/query/9X5M3SOE0F,#CobaltStrike,https://twitter.com/drb_ra/status/1680989631284690951
2023-07-17 17:15:39,drb_ra,ip,170.130.165.159,#CobaltStrike,https://twitter.com/drb_ra/status/1680989653627809792
2023-07-17 17:15:39,drb_ra,url,https://170.130.165.159/jquery-3.3.1.min.js,#CobaltStrike,https://twitter.com/drb_ra/status/1680989653627809792
2023-07-17 17:15:47,drb_ra,url,https://139.59.102.49/g.pixel,#CobaltStrike,https://twitter.com/drb_ra/status/1680989685944840193
2023-07-17 17:15:47,drb_ra,ip,139.59.102.49,#CobaltStrike,https://twitter.com/drb_ra/status/1680989685944840193
2023-07-17 17:15:59,drb_ra,ip,146.70.161.20,#CobaltStrike,https://twitter.com/drb_ra/status/1680989738176503812
2023-07-17 17:15:59,drb_ra,url,https://fashion4everyone.biz/Disable/fileadmin/GC2W8LORKCTB,#CobaltStrike,https://twitter.com/drb_ra/status/1680989738176503812
2023-07-17 17:15:59,drb_ra,url,https://sport-program.com/Disable/fileadmin/GC2W8LORKCTB,#CobaltStrike,https://twitter.com/drb_ra/status/1680989738176503812
2023-07-17 17:16:26,severi_muona,domain,valmet.com,#ransomware,https://twitter.com/severi_muona/status/1680989850269364225
2023-07-17 17:16:31,drb_ra,url,https://107.148.62.239/image/,#CobaltStrike,https://twitter.com/drb_ra/status/1680989870813065217
2023-07-17 17:16:31,drb_ra,ip,107.148.62.239,#CobaltStrike,https://twitter.com/drb_ra/status/1680989870813065217
2023-07-17 17:16:37,drb_ra,ip,43.142.165.143,#CobaltStrike,https://twitter.com/drb_ra/status/1680989895873929218
2023-07-17 17:16:37,drb_ra,url,https://43.142.165.143/clemente/details,#CobaltStrike,https://twitter.com/drb_ra/status/1680989895873929218
2023-07-17 17:16:42,drb_ra,ip,167.172.1.42,#CobaltStrike,https://twitter.com/drb_ra/status/1680989917797548033
2023-07-17 17:16:42,drb_ra,ip,45.55.131.52,#CobaltStrike,https://twitter.com/drb_ra/status/1680989917797548033
2023-07-17 17:16:42,drb_ra,url,https://167.172.1.42/c/msdownload/update/others/2016/12/29136388_,#CobaltStrike,https://twitter.com/drb_ra/status/1680989917797548033
2023-07-17 17:16:52,drb_ra,url,https://47.243.85.106/zOMGAPT,#CobaltStrike,https://twitter.com/drb_ra/status/1680989960478904320
2023-07-17 17:16:52,drb_ra,ip,47.243.85.106,#CobaltStrike,https://twitter.com/drb_ra/status/1680989960478904320
2023-07-17 17:16:57,drb_ra,url,https://23.105.202.225/cx,#CobaltStrike,https://twitter.com/drb_ra/status/1680989980154384384
2023-07-17 17:16:57,drb_ra,ip,23.105.202.225,#CobaltStrike,https://twitter.com/drb_ra/status/1680989980154384384
2023-07-17 17:17:05,drb_ra,ip,18.224.165.207,#CobaltStrike,https://twitter.com/drb_ra/status/1680990015088652288
2023-07-17 17:17:05,drb_ra,url,https://18.224.165.207/__utm.gif,#CobaltStrike,https://twitter.com/drb_ra/status/1680990015088652288
2023-07-17 17:17:16,drb_ra,url,https://121.43.35.47/visit.js,#CobaltStrike,https://twitter.com/drb_ra/status/1680990059976163328
2023-07-17 17:17:16,drb_ra,ip,121.43.35.47,#CobaltStrike,https://twitter.com/drb_ra/status/1680990059976163328
2023-07-17 17:17:23,drb_ra,url,https://124.222.25.251/owa/,#CobaltStrike,https://twitter.com/drb_ra/status/1680990088732311552
2023-07-17 17:17:23,drb_ra,ip,124.222.25.251,#CobaltStrike,https://twitter.com/drb_ra/status/1680990088732311552
2023-07-17 17:17:31,drb_ra,url,https://106.54.181.10/updates.rss,#CobaltStrike,https://twitter.com/drb_ra/status/1680990125528866818
2023-07-17 17:17:31,drb_ra,ip,106.54.181.10,#CobaltStrike,https://twitter.com/drb_ra/status/1680990125528866818
2023-07-17 17:17:38,drb_ra,url,https://114.115.160.181/preload,#CobaltStrike,https://twitter.com/drb_ra/status/1680990153861472256
2023-07-17 17:17:38,drb_ra,ip,114.115.160.181,#CobaltStrike,https://twitter.com/drb_ra/status/1680990153861472256
2023-07-17 17:17:48,drb_ra,url,https://106.75.245.100/load,#CobaltStrike,https://twitter.com/drb_ra/status/1680990194160287750
2023-07-17 17:17:48,drb_ra,ip,106.75.245.100,#CobaltStrike,https://twitter.com/drb_ra/status/1680990194160287750
2023-07-17 17:17:55,drb_ra,url,https://www.micorsoft.xyz/g.pixel,#CobaltStrike,https://twitter.com/drb_ra/status/1680990223470153729
2023-07-17 17:17:55,drb_ra,ip,47.103.66.79,#CobaltStrike,https://twitter.com/drb_ra/status/1680990223470153729
2023-07-17 17:18:02,drb_ra,url,https://service-04nl8z8p-1300276284.bj.apigw.tencentcs.com/IE9CompatViewList.xml,#CobaltStrike,https://twitter.com/drb_ra/status/1680990252234571779
2023-07-17 17:52:14,TeamDreier,url,https://mitid-session.online,#phishing,https://twitter.com/TeamDreier/status/1680998861672783873
2023-07-17 17:52:14,TeamDreier,url,https://mltid-session.online,#phishing,https://twitter.com/TeamDreier/status/1680998861672783873
2023-07-17 17:52:14,TeamDreier,url,https://mitld-session.online,#phishing,https://twitter.com/TeamDreier/status/1680998861672783873
2023-07-17 18:01:11,TrackerC2Bot,ip,82.115.223.61,#malware,https://twitter.com/TrackerC2Bot/status/1681001112483119104
2023-07-17 18:01:11,TrackerC2Bot,ip,95.216.94.138,#malware,https://twitter.com/TrackerC2Bot/status/1681001112483119104
2023-07-17 18:11:17,TrackerC2Bot,ip,91.103.252.57,#malware,https://twitter.com/TrackerC2Bot/status/1681003653845463040
2023-07-17 18:11:17,TrackerC2Bot,ip,91.103.252.89,#malware,https://twitter.com/TrackerC2Bot/status/1681003653845463040
2023-07-17 18:15:47,g0njxa,url,http://blogvpnreserch.com/a431f538ac55c20c.php,,https://twitter.com/g0njxa/status/1681004787079303182
2023-07-17 18:34:22,noladefense,url,https://luohanqigong.com,#phishing,https://twitter.com/noladefense/status/1681009464063787008
2023-07-17 18:34:22,noladefense,ip,69.49.235.250,#phishing,https://twitter.com/noladefense/status/1681009464063787008
2023-07-17 18:46:30,drb_ra,ip,78.193.254.183,,https://twitter.com/drb_ra/status/1681012518515363841
2023-07-17 18:49:24,drb_ra,ip,45.8.251.210,,https://twitter.com/drb_ra/status/1681013247812464640
2023-07-17 18:50:59,drb_ra,ip,188.220.225.20,#Qakbot,https://twitter.com/drb_ra/status/1681013646090969089
2023-07-17 18:51:07,drb_ra,ip,78.147.206.40,#Qakbot,https://twitter.com/drb_ra/status/1681013679104356354
2023-07-17 18:51:14,drb_ra,ip,90.70.150.94,#Qakbot,https://twitter.com/drb_ra/status/1681013709089435649
2023-07-17 18:53:20,drb_ra,ip,40.114.223.144,#Dcrat,https://twitter.com/drb_ra/status/1681014238007943168
2023-07-17 19:03:15,noladefense,url,http://sulky-linked-file.glitch.me,#phishing,https://twitter.com/noladefense/status/1681016730842198018
2023-07-17 19:03:15,noladefense,ip,44.198.62.156,#phishing,https://twitter.com/noladefense/status/1681016730842198018
2023-07-17 19:18:13,noladefense,md5,ecfd66fe742646ddbea15f7c9799b3ee,#phishing,https://twitter.com/noladefense/status/1681020500095430661
2023-07-17 19:35:14,TeamDreier,url,https://mobilverificeringen.com,#phishing,https://twitter.com/TeamDreier/status/1681024782433746945
2023-07-17 19:49:29,noladefense,url,https://account.ywdaoi.com/jp,#phishing,https://twitter.com/noladefense/status/1681028369377361922
2023-07-17 19:49:29,noladefense,ip,34.84.195.167,#phishing,https://twitter.com/noladefense/status/1681028369377361922
2023-07-17 20:03:16,noladefense,url,http://outlook.singin.zya.me/login.live.com_login_verify_credentials_outlook.html,#phishing,https://twitter.com/noladefense/status/1681031838419091458
2023-07-17 20:03:16,noladefense,ip,185.27.134.60,#phishing,https://twitter.com/noladefense/status/1681031838419091458
2023-07-17 20:04:23,TeamDreier,url,https://sikkerdanske.com,#phishing,https://twitter.com/TeamDreier/status/1681032117608693760
2023-07-17 20:18:14,noladefense,ip,23.224.99.213,#phishing,https://twitter.com/noladefense/status/1681035603494707203
2023-07-17 20:18:19,noladefense,ip,20.46.183.45,#phishing,https://twitter.com/noladefense/status/1681035622360793089
2023-07-17 20:33:14,noladefense,ip,23.224.238.51,#phishing,https://twitter.com/noladefense/status/1681039377378492417
2023-07-17 20:48:15,noladefense,url,https://sspmcoe.ac.in/css/fSOCIETY/N/login,#phishing,https://twitter.com/noladefense/status/1681043156672868352
2023-07-17 20:48:15,noladefense,ip,68.178.150.54,#phishing,https://twitter.com/noladefense/status/1681043156672868352
2023-07-17 21:03:26,h2jazi,md5,88c208926354253140749f188f76b290,,https://twitter.com/h2jazi/status/1681046979399368707
2023-07-17 21:03:26,h2jazi,md5,b28fc3ae74e3bd561fe71458f1e4c538,,https://twitter.com/h2jazi/status/1681046979399368707
2023-07-17 21:03:26,h2jazi,domain,ticanews.com,,https://twitter.com/h2jazi/status/1681046979399368707
2023-07-17 21:03:26,h2jazi,md5,6be66e1a53e095a948053e6931083b27,,https://twitter.com/h2jazi/status/1681046979399368707
2023-07-17 21:33:12,noladefense,url,https://jksfskeoo.top/28c905503b17b4b43,#phishing,https://twitter.com/noladefense/status/1681054469038002178
2023-07-17 23:37:25,phage_nz,domain,komamin.net,,https://twitter.com/phage_nz/status/1681085730528038917
2023-07-17 23:37:25,phage_nz,domain,septrem.duckdns.org,,https://twitter.com/phage_nz/status/1681085730528038917
2023-07-17 23:37:25,phage_nz,ip,103.10.68.110,,https://twitter.com/phage_nz/status/1681085730528038917
2023-07-18 02:03:16,h2jazi,url,https://atusay.lat,,https://twitter.com/h2jazi/status/1681122432000618499
2023-07-18 02:03:16,h2jazi,url,https://atusay.lat/kxydo,,https://twitter.com/h2jazi/status/1681122432000618499
2023-07-18 02:03:16,h2jazi,md5,aaeb059d62c448cbea4cf96f1bbf9efa,,https://twitter.com/h2jazi/status/1681122432000618499
2023-07-18 02:03:16,h2jazi,md5,150e53a8c852ac5f23f47aceef452542,,https://twitter.com/h2jazi/status/1681122432000618499
2023-07-18 02:07:19,ScumBots,sha256,ce6f0090d1c38351a4a9dab52bf4ad817c3f2ea5a6e5cef4dd139311ea1e4c54,#Njrat,https://twitter.com/ScumBots/status/1681123451753447424
2023-07-18 02:38:55,drb_ra,ip,111.67.197.76,#CobaltStrike,https://twitter.com/drb_ra/status/1681131405290373122
2023-07-18 02:38:55,drb_ra,url,https://192.168.0.104/updates.rss,#CobaltStrike,https://twitter.com/drb_ra/status/1681131405290373122
2023-07-18 03:33:11,noladefense,ip,54.199.172.128,#phishing,https://twitter.com/noladefense/status/1681145060845404162
2023-07-18 03:35:32,romonlyht,url,https://massess.com,#phishing,https://twitter.com/romonlyht/status/1681145651919478788
2023-07-18 03:35:32,romonlyht,url,https://aumwt8868bksskasi1.cyou/facai66.php,#phishing,https://twitter.com/romonlyht/status/1681145651919478788
2023-07-18 03:35:32,romonlyht,ip,45.207.58.117,#phishing,https://twitter.com/romonlyht/status/1681145651919478788
2023-07-18 03:35:32,romonlyht,ip,210.239.87.7,#phishing,https://twitter.com/romonlyht/status/1681145651919478788
2023-07-18 03:35:32,romonlyht,ip,210.239.86.202,#phishing,https://twitter.com/romonlyht/status/1681145651919478788
2023-07-18 03:36:50,romonlyht,ip,156.240.114.213,#phishing,https://twitter.com/romonlyht/status/1681145978194366466
2023-07-18 03:36:50,romonlyht,ip,104.21.79.175,#phishing,https://twitter.com/romonlyht/status/1681145978194366466
2023-07-18 03:36:50,romonlyht,url,https://94f86dd1f848df91747dfa5edbbdbd4b.casinoracino.com/caonige94f86dd1f848df91747dfa5edbbdbd4b,#phishing,https://twitter.com/romonlyht/status/1681145978194366466
2023-07-18 03:36:50,romonlyht,md5,94f86dd1f848df91747dfa5edbbdbd4b,#phishing,https://twitter.com/romonlyht/status/1681145978194366466
2023-07-18 03:38:34,romonlyht,url,https://f9e0d81f6a922281220a085aab0bc65a.greatravels.com/caonigef9e0d81f6a922281220a085aab0bc65a,#phishing,https://twitter.com/romonlyht/status/1681146414271975426
2023-07-18 03:38:34,romonlyht,ip,104.21.55.53,#phishing,https://twitter.com/romonlyht/status/1681146414271975426
2023-07-18 03:38:34,romonlyht,md5,f9e0d81f6a922281220a085aab0bc65a,#phishing,https://twitter.com/romonlyht/status/1681146414271975426
2023-07-18 03:38:34,romonlyht,ip,156.240.121.130,#phishing,https://twitter.com/romonlyht/status/1681146414271975426
2023-07-18 03:39:49,romonlyht,url,https://03565d3e2ab048f90f2b2180a088533d.hungrybirdfood.com/caonige03565d3e2ab048f90f2b2180a088533d,#phishing,https://twitter.com/romonlyht/status/1681146732602884098
2023-07-18 03:39:49,romonlyht,md5,03565d3e2ab048f90f2b2180a088533d,#phishing,https://twitter.com/romonlyht/status/1681146732602884098
2023-07-18 03:39:49,romonlyht,ip,104.21.19.217,#phishing,https://twitter.com/romonlyht/status/1681146732602884098
2023-07-18 03:39:49,romonlyht,ip,154.85.43.140,#phishing,https://twitter.com/romonlyht/status/1681146732602884098
2023-07-18 03:41:13,romonlyht,ip,104.21.57.167,#phishing,https://twitter.com/romonlyht/status/1681147081829011460
2023-07-18 03:41:13,romonlyht,md5,a868e8d93fca120a7f838a2296107374,#phishing,https://twitter.com/romonlyht/status/1681147081829011460
2023-07-18 03:42:46,ozuma5119,url,https://guzhidianzi.com/jp,#phishing,https://twitter.com/ozuma5119/status/1681147475024056321
2023-07-18 03:42:46,ozuma5119,ip,101.32.62.231,#phishing,https://twitter.com/ozuma5119/status/1681147475024056321
2023-07-18 03:43:49,romonlyht,url,https://melvinlhill.com/jp.php,#phishing,https://twitter.com/romonlyht/status/1681147735574200320
2023-07-18 03:43:49,romonlyht,url,https://melvinlhill.com/index/index,#phishing,https://twitter.com/romonlyht/status/1681147735574200320
2023-07-18 03:43:49,romonlyht,url,https://melvinlhill.com/jp,#phishing,https://twitter.com/romonlyht/status/1681147735574200320
2023-07-18 03:43:49,romonlyht,ip,119.115.98.248,#phishing,https://twitter.com/romonlyht/status/1681147735574200320
2023-07-18 03:43:49,romonlyht,ip,43.129.170.14,#phishing,https://twitter.com/romonlyht/status/1681147735574200320
2023-07-18 03:53:34,romonlyht,url,https://www.cc.uec.ac.jp/blogs/news/2023/07/20230718aeonphishing.html#1,#phishing,https://twitter.com/romonlyht/status/1681150192366813184
2023-07-18 03:53:34,romonlyht,url,https://cvowper.top/antham7.php,#phishing,https://twitter.com/romonlyht/status/1681150192366813184
2023-07-18 03:53:34,romonlyht,ip,185.200.64.125,#phishing,https://twitter.com/romonlyht/status/1681150192366813184
2023-07-18 03:53:34,romonlyht,ip,206.119.167.52,#phishing,https://twitter.com/romonlyht/status/1681150192366813184
2023-07-18 04:18:15,noladefense,md5,55fec5029a7d4b468a06eddb9477e4b9,#phishing,https://twitter.com/noladefense/status/1681156402713075712
2023-07-18 04:18:15,noladefense,url,https://pub-55fec5029a7d4b468a06eddb9477e4b9.r2.dev/desk.html?email=,#phishing,https://twitter.com/noladefense/status/1681156402713075712
2023-07-18 04:33:17,noladefense,url,https://steam.communityskinworkshop.com,#phishing,https://twitter.com/noladefense/status/1681160185178406915
2023-07-18 04:48:09,noladefense,ip,47.87.149.134,#phishing,https://twitter.com/noladefense/status/1681163927835607042
2023-07-18 04:48:09,noladefense,url,https://www.amaza-aouan-co-jp-lvasknvn.yyjiafen.cn,#phishing,https://twitter.com/noladefense/status/1681163927835607042
2023-07-18 04:49:30,pingineer_jp,url,https://freefire11140404.viplinkz-site.my.id/vhsfhqpdhdsih6/,#phishing #scam,https://twitter.com/pingineer_jp/status/1681164267532488704
2023-07-18 04:51:10,romonlyht,ip,45.169.236.132,#phishing,https://twitter.com/romonlyht/status/1681164687583612931
2023-07-18 04:51:10,romonlyht,ip,46.242.196.250,#phishing,https://twitter.com/romonlyht/status/1681164687583612931
2023-07-18 04:52:28,pingineer_jp,url,https://freefire11148410.webkusite32.biz.id/vhsfhqpdhdsih6/,#phishing #scam,https://twitter.com/pingineer_jp/status/1681165012973527040
2023-07-18 04:53:11,pingineer_jp,url,https://freefire11166936.webkusite32.biz.id/vhsfhqpdhdsih6/,#phishing #scam,https://twitter.com/pingineer_jp/status/1681165194872119296
2023-07-18 04:53:53,pingineer_jp,url,https://freefire11179619.webkusite32.biz.id/vhsfhqpdhdsih6/,#phishing #scam,https://twitter.com/pingineer_jp/status/1681165370709909504
2023-07-18 04:55:44,pingineer_jp,url,https://freefire11183141.viplinkz-site.my.id/vhsfhqpdhdsih6/,#phishing #scam,https://twitter.com/pingineer_jp/status/1681165835203928065
2023-07-18 04:56:30,pingineer_jp,url,https://freefire11191660.viplinkz-site.my.id/vhsfhqpdhdsih6/,#phishing #scam,https://twitter.com/pingineer_jp/status/1681166030553645056
2023-07-18 04:59:40,pingineer_jp,url,https://freefire211130443.webkusite32.biz.id/vhsfhqpdhdsih6/,#phishing #scam,https://twitter.com/pingineer_jp/status/1681166826942894080
2023-07-18 04:59:40,pingineer_jp,url,https://freefire211130443.webkusite32.biz.id/freefire2.zip,#phishing #scam,https://twitter.com/pingineer_jp/status/1681166826942894080
2023-07-18 05:02:03,pingineer_jp,url,https://freefire211136633.fryx.xyz/vhsfhqpdhdsih6/,#phishing #scam,https://twitter.com/pingineer_jp/status/1681167424593494017
2023-07-18 05:03:47,pingineer_jp,url,https://freefire211170618.webkusite32.biz.id/freefire2.zip,#phishing #scam,https://twitter.com/pingineer_jp/status/1681167860738195456
2023-07-18 05:03:47,pingineer_jp,url,https://freefire211170618.webkusite32.biz.id/vhsfhqpdhdsih6/,#phishing #scam,https://twitter.com/pingineer_jp/status/1681167860738195456
2023-07-18 05:05:45,pingineer_jp,url,https://freefire81553.melanjutkan-kewebsite41.cfd/freefire2.zip,#phishing #scam,https://twitter.com/pingineer_jp/status/1681168358497189889
2023-07-18 05:05:45,pingineer_jp,url,https://freefire81553.melanjutkan-kewebsite41.cfd/vhsfhqpdhdsih6/,#phishing #scam,https://twitter.com/pingineer_jp/status/1681168358497189889
2023-07-18 05:06:25,1ZRR4H,ip,51.77.167.52,,https://twitter.com/1ZRR4H/status/1681168522494328835
2023-07-18 05:06:25,1ZRR4H,ip,45.134.173.182,,https://twitter.com/1ZRR4H/status/1681168522494328835
2023-07-18 05:06:25,1ZRR4H,domain,nugeta.org,,https://twitter.com/1ZRR4H/status/1681168522494328835
2023-07-18 05:06:25,1ZRR4H,url,https://45.134.173.182/cdn/anthrax/Anthraxa.bat,,https://twitter.com/1ZRR4H/status/1681168522494328835
2023-07-18 05:08:07,pingineer_jp,url,https://grup-wa4htw.terbaru-2023.com/vhsfhqpdhdsih6/,#phishing #scam,https://twitter.com/pingineer_jp/status/1681168953102729217
2023-07-18 05:08:07,pingineer_jp,url,https://grup-wa4htw.terbaru-2023.com/grupwa.zip,#phishing #scam,https://twitter.com/pingineer_jp/status/1681168953102729217
2023-07-18 05:09:53,pingineer_jp,url,https://grup-whatshap30888.viplinkz-site.my.id/groupwa.zip,#phishing #scam,https://twitter.com/pingineer_jp/status/1681169394993606662
2023-07-18 05:09:53,pingineer_jp,url,https://grup-whatshap30888.viplinkz-site.my.id/vhsfhqpdhdsih6/,#phishing #scam,https://twitter.com/pingineer_jp/status/1681169394993606662
2023-07-18 05:11:18,malwrhunterteam,sha256,3da31ee0a6c6410b3c66aad41623d05aac61a4dbb85045eb89f5810ffdc93066,,https://twitter.com/malwrhunterteam/status/1681169754608787456
2023-07-18 05:11:43,tdatwja,url,https://xjshangsou.com,#phishing,https://twitter.com/tdatwja/status/1681169857583390725
2023-07-18 05:14:48,romonlyht,ip,172.67.151.124,#phishing,https://twitter.com/romonlyht/status/1681170633030512640
2023-07-18 05:14:48,romonlyht,url,https://0f6c23962de01fbdf383e74fd39796aa.salongarland.com/caonige0f6c23962de01fbdf383e74fd39796aa,#phishing,https://twitter.com/romonlyht/status/1681170633030512640
2023-07-18 05:14:48,romonlyht,ip,156.240.115.54,#phishing,https://twitter.com/romonlyht/status/1681170633030512640
2023-07-18 05:14:48,romonlyht,md5,0f6c23962de01fbdf383e74fd39796aa,#phishing,https://twitter.com/romonlyht/status/1681170633030512640
2023-07-18 05:20:19,500mk500,domain,tosals.ink,,https://twitter.com/500mk500/status/1681172022863224832
2023-07-18 05:21:59,harugasumi,url,https://nmr.ie/car-clocking/?administer_redirect_0=https://kdsn.jp/biglobe.ne.jp/,#phishing,https://twitter.com/harugasumi/status/1681172440821698567
2023-07-18 05:21:59,harugasumi,url,https://kdsn.jp/biglobe.ne.jp/,#phishing,https://twitter.com/harugasumi/status/1681172440821698567
2023-07-18 05:21:59,harugasumi,ip,103.3.2.63,#phishing,https://twitter.com/harugasumi/status/1681172440821698567
2023-07-18 05:22:09,bakabanker2,domain,djingtta.com,#phishing,https://twitter.com/bakabanker2/status/1681172483939127296
2023-07-18 05:32:34,pingineer_jp,url,https://grup-whatshap50218.viplinkz-site.my.id/groupwa.zip,#phishing #scam,https://twitter.com/pingineer_jp/status/1681175106532544512
2023-07-18 05:32:34,pingineer_jp,url,https://grup-whatshap50218.viplinkz-site.my.id/vhsfhqpdhdsih6/,#phishing #scam,https://twitter.com/pingineer_jp/status/1681175106532544512
2023-07-18 05:34:05,pingineer_jp,url,https://grup-whatshap57448.viplinkz-site.my.id/groupwa.zip,#phishing #scam,https://twitter.com/pingineer_jp/status/1681175486335160320
2023-07-18 05:34:05,pingineer_jp,url,https://grup-whatshap57448.viplinkz-site.my.id/vhsfhqpdhdsih6/,#phishing #scam,https://twitter.com/pingineer_jp/status/1681175486335160320
2023-07-18 05:35:36,pingineer_jp,url,https://grup-whatshap6864.viplinkz-site.my.id/vhsfhqpdhdsih6/,#phishing #scam,https://twitter.com/pingineer_jp/status/1681175867316383744
2023-07-18 05:35:36,pingineer_jp,url,https://grup-whatshap6864.viplinkz-site.my.id/groupwa.zip,#phishing #scam,https://twitter.com/pingineer_jp/status/1681175867316383744
2023-07-18 05:37:03,pingineer_jp,url,https://grup-whatshap74012.viplinkz-site.my.id/groupwa.zip,#phishing #scam,https://twitter.com/pingineer_jp/status/1681176235035226112
2023-07-18 05:37:03,pingineer_jp,url,https://grup-whatshap74012.viplinkz-site.my.id/vhsfhqpdhdsih6/,#phishing #scam,https://twitter.com/pingineer_jp/status/1681176235035226112
2023-07-18 05:37:18,tdatwja,url,https://weboncologo.com（稼働中）,#phishing,https://twitter.com/tdatwja/status/1681176294669824001
2023-07-18 05:40:11,pingineer_jp,url,https://instagram73935.melanjutkan-kewebsite41.cfd/vhsfhqpdhdsih6/,#phishing #scam,https://twitter.com/pingineer_jp/status/1681177023388209152
2023-07-18 05:40:50,pingineer_jp,url,https://instagram86651.melanjutkan-kewebsite41.cfd/vhsfhqpdhdsih6,#phishing #scam,https://twitter.com/pingineer_jp/status/1681177184088596480
2023-07-18 05:43:33,pingineer_jp,url,https://sesi-facebook38819.melanjutkan-kewebsite41.cfd/vhsfhqpdhdsih6/,#phishing #scam,https://twitter.com/pingineer_jp/status/1681177869203144705
2023-07-18 05:43:33,pingineer_jp,url,https://sesi-facebook38819.melanjutkan-kewebsite41.cfd/sesi-facebook.zip,#phishing #scam,https://twitter.com/pingineer_jp/status/1681177869203144705
2023-07-18 05:45:03,pingineer_jp,url,https://sesi-facebook66655.melanjutkan-kewebsite41.cfd/sesi-facebook.zip,#phishing #scam,https://twitter.com/pingineer_jp/status/1681178247202230272
2023-07-18 05:45:03,pingineer_jp,url,https://sesi-facebook66655.melanjutkan-kewebsite41.cfd/vhsfhqpdhdsih6/,#phishing #scam,https://twitter.com/pingineer_jp/status/1681178247202230272
2023-07-18 05:46:38,pingineer_jp,url,https://spin-freefire11154686.viplinkz-site.my.id/vhsfhqpdhdsih6/,#phishing #scam,https://twitter.com/pingineer_jp/status/1681178643593330688
2023-07-18 05:46:38,pingineer_jp,url,https://spin-freefire11154686.viplinkz-site.my.id/freefire.zip,#phishing #scam,https://twitter.com/pingineer_jp/status/1681178643593330688
2023-07-18 05:48:13,pingineer_jp,url,https://spinff51352.urlurl.biz.id/spin.zip,#phishing #scam,https://twitter.com/pingineer_jp/status/1681179044581376001
2023-07-18 05:48:13,pingineer_jp,url,https://spinff51352.urlurl.biz.id/vhsfhqpdhdsih6/,#phishing #scam,https://twitter.com/pingineer_jp/status/1681179044581376001
2023-07-18 05:49:58,pingineer_jp,url,https://whats-group1179355.s-vx.xyz/vhsfhqpdhdsih6/,#phishing #scam,https://twitter.com/pingineer_jp/status/1681179483662065664
2023-07-18 05:57:40,tdatwja,url,https://martinondotnet.com,#phishing,https://twitter.com/tdatwja/status/1681181421317271552
2023-07-18 06:13:11,tdatwja,url,https://yingyu1314.com（稼働中）,#phishing,https://twitter.com/tdatwja/status/1681185326755352576
2023-07-18 06:18:17,noladefense,url,https://skillfulshowdown.com,#phishing,https://twitter.com/noladefense/status/1681186610950406144
2023-07-18 06:22:12,yvesago,url,https://vo.la/JXQBC,#phishing,https://twitter.com/yvesago/status/1681187597584941056
2023-07-18 06:22:12,yvesago,url,https://chronoropost.com/steps/billing.php,#phishing,https://twitter.com/yvesago/status/1681187597584941056
2023-07-18 06:25:37,tdatwja,url,http://emtianedir.com（稼働中）,#phishing,https://twitter.com/tdatwja/status/1681188457186750465
2023-07-18 06:31:01,pingineer_jp,url,https://bnkofamericasecurity.com/BOA-6e829595091afc165c996ff875db7c96.zip,#phishing #scam,https://twitter.com/pingineer_jp/status/1681189815772143616
2023-07-18 06:31:01,pingineer_jp,md5,6e829595091afc165c996ff875db7c96,#phishing #scam,https://twitter.com/pingineer_jp/status/1681189815772143616
2023-07-18 06:59:07,pingineer_jp,url,https://matthewshort.com.au/webmail.sch.gr/sch.gr/,#phishing #scam,https://twitter.com/pingineer_jp/status/1681196886970232832
2023-07-18 06:59:07,pingineer_jp,url,https://matthewshort.com.au/webmail.sch.gr/webmail-sch-RD1545.zip,#phishing #scam,https://twitter.com/pingineer_jp/status/1681196886970232832
2023-07-18 07:02:31,pingineer_jp,url,http://bharatmauryasangh.com/ppsecure/Adobe1/Adobe1/index-2.html,#phishing #scam,https://twitter.com/pingineer_jp/status/1681197743010877440
2023-07-18 07:02:31,pingineer_jp,url,http://bharatmauryasangh.com/ppsecure/Adobe1.zip,#phishing #scam,https://twitter.com/pingineer_jp/status/1681197743010877440
2023-07-18 07:11:17,pingineer_jp,url,https://maintenancematters.org.za/wp-content/webmail.zip,#phishing #scam,https://twitter.com/pingineer_jp/status/1681199950070431744
2023-07-18 07:11:17,pingineer_jp,url,https://maintenancematters.org.za/wp-content/webmail/log/emsr/,#phishing #scam,https://twitter.com/pingineer_jp/status/1681199950070431744
2023-07-18 07:15:39,CySYS_IN,sha256,2834789fc625ad1e6a5b8099728323e41f9b2748b76bdd815a039b340d5ff60f,#phishing,https://twitter.com/CySYS_IN/status/1681201048445243392
2023-07-18 07:47:06,cansabi,domain,tribut.es,#phishing,https://twitter.com/cansabi/status/1681208960223703040
2023-07-18 07:48:13,noladefense,ip,193.43.94.139,#phishing,https://twitter.com/noladefense/status/1681209244723425281
2023-07-18 07:48:13,noladefense,url,https://anniversary-announce.mefound.com,#phishing,https://twitter.com/noladefense/status/1681209244723425281
2023-07-18 08:03:13,noladefense,url,https://abpanandalive.com,#phishing,https://twitter.com/noladefense/status/1681213016728125441
2023-07-18 08:03:13,noladefense,ip,199.195.252.110,#phishing,https://twitter.com/noladefense/status/1681213016728125441
2023-07-18 08:03:16,noladefense,url,https://achievement-across.dns04.com,#phishing,https://twitter.com/noladefense/status/1681213028551872517
2023-07-18 08:06:46,g0njxa,ip,185.253.96.117,,https://twitter.com/g0njxa/status/1681213909141712900
2023-07-18 08:11:54,michele_pinassi,domain,abhikya.com,#phishing,https://twitter.com/michele_pinassi/status/1681215202753142784
2023-07-18 08:15:53,drb_ra,url,https://150.138.179.182/reactivate/encryption/LKPFSFMBP,#CobaltStrike,https://twitter.com/drb_ra/status/1681216207242813442
2023-07-18 08:15:53,drb_ra,ip,150.138.179.182,#CobaltStrike,https://twitter.com/drb_ra/status/1681216207242813442
2023-07-18 08:15:53,drb_ra,ip,58.87.104.41,#CobaltStrike,https://twitter.com/drb_ra/status/1681216207242813442
2023-07-18 08:37:49,JAMESWT_MHT,url,https://testserbia.com/wp-content/out/k.php,#IcedID,https://twitter.com/JAMESWT_MHT/status/1681221724753240065
2023-07-18 08:37:49,JAMESWT_MHT,url,https://officialk2spice.com/out/k.php,#IcedID,https://twitter.com/JAMESWT_MHT/status/1681221724753240065
2023-07-18 08:46:21,malwrhunterteam,url,https://www.aliexpress.com/item/1005005283765702.html,,https://twitter.com/malwrhunterteam/status/1681223870857060353
2023-07-18 09:03:10,noladefense,url,https://dkowahjiganisnwaiwr.com,#phishing,https://twitter.com/noladefense/status/1681228104579022849
2023-07-18 09:03:10,noladefense,ip,192.210.167.221,#phishing,https://twitter.com/noladefense/status/1681228104579022849
2023-07-18 09:17:24,pingineer_jp,url,https://stepvienna.at/JP/webmail.php,#phishing #scam,https://twitter.com/pingineer_jp/status/1681231684531011585
2023-07-18 09:23:05,pingineer_jp,url,https://bafkreiaqn2rpuxbj64iucnrmvxmt734poqmoyftxhupe3cxiivqwjtlg7m.ipfs.dweb.link,#phishing #scam,https://twitter.com/pingineer_jp/status/1681233114771910656
2023-07-18 09:45:26,KesaGataMe0,url,https://plabyao.com,#phishing,https://twitter.com/KesaGataMe0/status/1681238739392274435
2023-07-18 09:45:26,KesaGataMe0,url,https://busheni.com,#phishing,https://twitter.com/KesaGataMe0/status/1681238739392274435
2023-07-18 09:45:26,KesaGataMe0,ip,192.161.165.197,#phishing,https://twitter.com/KesaGataMe0/status/1681238739392274435
2023-07-18 09:45:26,KesaGataMe0,url,https://likaicge.com,#phishing,https://twitter.com/KesaGataMe0/status/1681238739392274435
2023-07-18 09:45:26,KesaGataMe0,url,https://jhuiwo.com,#phishing,https://twitter.com/KesaGataMe0/status/1681238739392274435
2023-07-18 10:03:08,noladefense,url,https://digitalnkcp.site,#phishing,https://twitter.com/noladefense/status/1681243193910648833
2023-07-18 10:48:27,Gootloader,url,https://eucontab.com.br/go.php,#GootLoader,https://twitter.com/Gootloader/status/1681254599729061888
2023-07-18 11:13:00,1ZRR4H,ip,193.187.172.27,,https://twitter.com/1ZRR4H/status/1681260777087565825
2023-07-18 11:13:00,1ZRR4H,ip,221.15.155.184,,https://twitter.com/1ZRR4H/status/1681260777087565825
2023-07-18 11:13:00,1ZRR4H,ip,103.215.206.35,,https://twitter.com/1ZRR4H/status/1681260777087565825
2023-07-18 11:13:00,1ZRR4H,ip,43.230.89.168,,https://twitter.com/1ZRR4H/status/1681260777087565825
2023-07-18 11:13:00,1ZRR4H,ip,108.174.60.151,,https://twitter.com/1ZRR4H/status/1681260777087565825
2023-07-18 11:27:17,K_N1kolenko,ip,50.114.12.44,#RedLine,https://twitter.com/K_N1kolenko/status/1681264370901237762
2023-07-18 11:27:17,K_N1kolenko,ip,85.209.3.7,#RedLine,https://twitter.com/K_N1kolenko/status/1681264370901237762
2023-07-18 11:31:40,kubotaa3,url,https://login.gmo-server.is,#phishing,https://twitter.com/kubotaa3/status/1681265477195276288
2023-07-18 11:31:40,kubotaa3,url,https://sso.support-gmo-login.is,#phishing,https://twitter.com/kubotaa3/status/1681265477195276288
2023-07-18 11:31:40,kubotaa3,ip,91.215.85.20,#phishing,https://twitter.com/kubotaa3/status/1681265477195276288
2023-07-18 11:39:02,JAMESWT_MHT,url,https://sites.google.com/view/intellithinkhub/home,,https://twitter.com/JAMESWT_MHT/status/1681267329596809217
2023-07-18 11:41:03,kubotaa3,url,https://login.entry11-bk.is,#phishing,https://twitter.com/kubotaa3/status/1681267838869475328
2023-07-18 11:48:13,noladefense,url,https://16gwejrgesgn.ru/75a81,#phishing,https://twitter.com/noladefense/status/1681269639215558658
2023-07-18 11:59:39,malwrhunterteam,url,https://aiit0.godaddysites.com,,https://twitter.com/malwrhunterteam/status/1681272516172476416
2023-07-18 12:01:13,TrackerC2Bot,ip,185.157.120.4,#malware,https://twitter.com/TrackerC2Bot/status/1681272910818754564
2023-07-18 12:01:13,TrackerC2Bot,domain,decision-at.at.ply.gg,#malware,https://twitter.com/TrackerC2Bot/status/1681272910818754564
2023-07-18 12:01:27,fr0s7_,sha256,06de38d19775315213054a9ad0d1c6a4c6836a88005d522b5691100f1f740b52,,https://twitter.com/fr0s7_/status/1681272970973523972
2023-07-18 12:03:15,noladefense,url,https://steamcommunutiiy.xyz,#phishing,https://twitter.com/noladefense/status/1681273424583221251
2023-07-18 12:36:49,drb_ra,url,https://xmkq08012g.top/jquery-3.3.1.min.js,#CobaltStrike,https://twitter.com/drb_ra/status/1681281872221949953
2023-07-18 12:36:49,drb_ra,ip,43.154.14.120,#CobaltStrike,https://twitter.com/drb_ra/status/1681281872221949953
2023-07-18 12:36:56,drb_ra,url,https://service-ehj0oavc-1258426110.gz.apigw.tencentcs.com/api/getit,#CobaltStrike,https://twitter.com/drb_ra/status/1681281902286700544
2023-07-18 12:36:56,drb_ra,ip,111.229.10.49,#CobaltStrike,https://twitter.com/drb_ra/status/1681281902286700544
2023-07-18 12:37:59,drb_ra,ip,4.194.41.34,#CobaltStrike,https://twitter.com/drb_ra/status/1681282164665602050
2023-07-18 12:37:59,drb_ra,ip,4.193.101.51,#CobaltStrike,https://twitter.com/drb_ra/status/1681282164665602050
2023-07-18 12:37:59,drb_ra,url,https://4.193.101.51/ptj,#CobaltStrike,https://twitter.com/drb_ra/status/1681282164665602050
2023-07-18 12:38:07,drb_ra,url,https://124.223.79.199/en_US/all.js,#CobaltStrike,https://twitter.com/drb_ra/status/1681282200031862785
2023-07-18 12:38:07,drb_ra,ip,124.223.79.199,#CobaltStrike,https://twitter.com/drb_ra/status/1681282200031862785
2023-07-18 12:38:33,drb_ra,ip,139.59.102.49,#CobaltStrike,https://twitter.com/drb_ra/status/1681282305615077380
2023-07-18 12:38:33,drb_ra,url,https://139.59.102.49/load,#CobaltStrike,https://twitter.com/drb_ra/status/1681282305615077380
2023-07-18 12:38:55,drb_ra,url,https://120.46.210.49/pixel.gif,#CobaltStrike,https://twitter.com/drb_ra/status/1681282399177527296
2023-07-18 12:38:55,drb_ra,ip,120.46.210.49,#CobaltStrike,https://twitter.com/drb_ra/status/1681282399177527296
2023-07-18 12:58:05,obfusor,sha256,18eae2672afac0420b867971413ab38142f3a1623b9462d36dbcfa5b98d859f4,#IcedID,https://twitter.com/obfusor/status/1681287224049176577
2023-07-18 13:18:10,noladefense,url,https://dawq.telegrc.cc/i/t0x12,#phishing,https://twitter.com/noladefense/status/1681292276822147074
2023-07-18 13:18:16,noladefense,md5,55e3e997548a46879ee19f4d494309d6,#phishing,https://twitter.com/noladefense/status/1681292304626114562
2023-07-18 13:18:16,noladefense,url,https://pub-55e3e997548a46879ee19f4d494309d6.r2.dev/expired.html?email=,#phishing,https://twitter.com/noladefense/status/1681292304626114562
2023-07-18 13:18:20,noladefense,ip,178.62.116.151,#phishing,https://twitter.com/noladefense/status/1681292320698712066
2023-07-18 13:18:20,noladefense,url,http://cr.thesafelink.co.uk/?rid=xNxIf1r,#phishing,https://twitter.com/noladefense/status/1681292320698712066
2023-07-18 13:18:32,noladefense,url,https://phase2startups.com,#phishing,https://twitter.com/noladefense/status/1681292369902071810
2023-07-18 13:18:32,noladefense,ip,162.241.252.65,#phishing,https://twitter.com/noladefense/status/1681292369902071810
2023-07-18 13:18:47,noladefense,md5,74cdeae13b5b4209ac18c3d441a9ea6c,#phishing,https://twitter.com/noladefense/status/1681292431319244800
2023-07-18 13:18:47,noladefense,url,https://pub-74cdeae13b5b4209ac18c3d441a9ea6c.r2.dev/knpz.html,#phishing,https://twitter.com/noladefense/status/1681292431319244800
2023-07-18 13:33:18,noladefense,ip,141.98.10.14,#phishing,https://twitter.com/noladefense/status/1681296084046434305
2023-07-18 13:33:18,noladefense,md5,48d5c76de0b5a5a659ad2417f595b9f6,#phishing,https://twitter.com/noladefense/status/1681296084046434305
2023-07-18 13:33:18,noladefense,url,https://netflixkontopl.v6.rocks/pl/a1b2c3/48d5c76de0b5a5a659ad2417f595b9f6/login/?,#phishing,https://twitter.com/noladefense/status/1681296084046434305
2023-07-18 13:45:34,Coolcarlos17,md5,7af06ff7e539140108e123555131e0f1,#phishing #scam,https://twitter.com/Coolcarlos17/status/1681299173067612161
2023-07-18 14:03:08,noladefense,url,https://www.access-amazon.co,#phishing,https://twitter.com/noladefense/status/1681303593910161408
2023-07-18 14:03:08,noladefense,ip,156.251.24.220,#phishing,https://twitter.com/noladefense/status/1681303593910161408
2023-07-18 14:18:17,noladefense,ip,199.34.228.40,#phishing,https://twitter.com/noladefense/status/1681307407878868997
2023-07-18 14:18:17,noladefense,url,https://attpage-1075-1058.square.site,#phishing,https://twitter.com/noladefense/status/1681307407878868997
2023-07-18 14:21:59,satontonton,url,https://communicate-complaint.misecure.com,#phishing,https://twitter.com/satontonton/status/1681308335520514050
2023-07-18 14:21:59,satontonton,ip,194.120.116.242,#phishing,https://twitter.com/satontonton/status/1681308335520514050
2023-07-18 14:26:26,satontonton,ip,96.45.169.14,#phishing,https://twitter.com/satontonton/status/1681309458369245184
2023-07-18 14:26:26,satontonton,url,https://bk.mufg.jp.guyoute.cn/?/pc/login_TRANID=AG004_001.php?GENERATORcontent=MSHTML11.00,#phishing,https://twitter.com/satontonton/status/1681309458369245184
2023-07-18 14:33:13,noladefense,ip,199.34.228.97,#phishing,https://twitter.com/noladefense/status/1681311162724679681
2023-07-18 14:33:13,noladefense,url,https://vtvyghvyt.weeblysite.com,#phishing,https://twitter.com/noladefense/status/1681311162724679681
2023-07-18 15:14:40,JAMESWT_MHT,ip,5.252.178.48,,https://twitter.com/JAMESWT_MHT/status/1681321595493847041
2023-07-18 15:14:40,JAMESWT_MHT,url,https://ponraj.com,,https://twitter.com/JAMESWT_MHT/status/1681321595493847041
2023-07-18 15:18:10,noladefense,ip,103.101.176.38,#phishing,https://twitter.com/noladefense/status/1681322477031415808
2023-07-18 15:18:10,noladefense,url,http://telegrom-zx.vip,#phishing,https://twitter.com/noladefense/status/1681322477031415808
2023-07-18 15:18:15,noladefense,url,http://telegtarn-tg.vip,#phishing,https://twitter.com/noladefense/status/1681322497159970819
2023-07-18 15:25:53,noladefense,url,https://qwerwxhjytj.top/jp,#phishing,https://twitter.com/noladefense/status/1681324417144569856
2023-07-18 15:25:53,noladefense,ip,192.227.197.123,#phishing,https://twitter.com/noladefense/status/1681324417144569856
2023-07-18 15:26:12,noladefense,url,https://oysbdixek.top/jp,#phishing,https://twitter.com/noladefense/status/1681324496567906304
2023-07-18 15:33:18,noladefense,url,https://mm44ac.xyz/login.php,#phishing,https://twitter.com/noladefense/status/1681326284998098944
2023-07-18 15:33:18,noladefense,ip,43.163.238.221,#phishing,https://twitter.com/noladefense/status/1681326284998098944
2023-07-18 15:38:45,JAMESWT_MHT,url,https://jfrog.com/blog/impala-stealer-malicious-nuget-package-payload/,,https://twitter.com/JAMESWT_MHT/status/1681327654912286723
2023-07-18 15:46:34,FirstWatchCyber,domain,sandwiches.tropipackfood.com,#SocGholish,https://twitter.com/FirstWatchCyber/status/1681329623806738433
2023-07-18 15:55:27,noladefense,url,https://kfghgsewdsa.top/jp,#phishing,https://twitter.com/noladefense/status/1681331857219043329
2023-07-18 16:34:06,dark0pcodes,domain,republicabolibariana.con-ip.com,#Remcos,https://twitter.com/dark0pcodes/status/1681341586037260289
2023-07-18 16:34:06,dark0pcodes,ip,181.132.143.185,#Remcos,https://twitter.com/dark0pcodes/status/1681341586037260289
2023-07-18 16:57:16,TeamDreier,domain,mitld-dk.online,#phishing,https://twitter.com/TeamDreier/status/1681347417386500109
2023-07-18 17:14:37,drb_ra,url,https://129.226.147.90/visit.js,#CobaltStrike,https://twitter.com/drb_ra/status/1681351781681446928
2023-07-18 17:14:37,drb_ra,ip,129.226.147.90,#CobaltStrike,https://twitter.com/drb_ra/status/1681351781681446928
2023-07-18 17:14:56,drb_ra,url,https://111.231.24.230/g.pixel,#CobaltStrike,https://twitter.com/drb_ra/status/1681351860282703908
2023-07-18 17:14:56,drb_ra,ip,111.231.24.230,#CobaltStrike,https://twitter.com/drb_ra/status/1681351860282703908
2023-07-18 17:15:12,drb_ra,url,https://188.166.242.172/fwlink,#CobaltStrike,https://twitter.com/drb_ra/status/1681351926842007552
2023-07-18 17:15:12,drb_ra,ip,188.166.242.172,#CobaltStrike,https://twitter.com/drb_ra/status/1681351926842007552
2023-07-18 17:33:14,noladefense,url,https://pub-d4e4c9d49b9f4c60b64dbe779175484e.r2.dev/donmakanaki.html,#phishing,https://twitter.com/noladefense/status/1681356468296073234
2023-07-18 17:33:14,noladefense,md5,d4e4c9d49b9f4c60b64dbe779175484e,#phishing,https://twitter.com/noladefense/status/1681356468296073234
2023-07-18 17:48:09,noladefense,url,https://cmszue.kcnibe.ciatzoku.com,#phishing,https://twitter.com/noladefense/status/1681360222974103554
2023-07-18 17:48:09,noladefense,ip,107.173.210.26,#phishing,https://twitter.com/noladefense/status/1681360222974103554
2023-07-18 17:48:16,noladefense,url,https://pub-0d32fe579baa4de3a64382722fcf5f1d.r2.dev/txtt.html?email=,#phishing,https://twitter.com/noladefense/status/1681360248743788545
2023-07-18 17:48:16,noladefense,md5,0d32fe579baa4de3a64382722fcf5f1d,#phishing,https://twitter.com/noladefense/status/1681360248743788545
2023-07-18 18:00:57,TrackerC2Bot,ip,194.87.216.85,#malware,https://twitter.com/TrackerC2Bot/status/1681363441712234514
2023-07-18 18:00:57,TrackerC2Bot,ip,91.208.52.190,#malware,https://twitter.com/TrackerC2Bot/status/1681363441712234514
2023-07-18 19:02:14,malwrhunterteam,domain,night.ussecurity.cloud,,https://twitter.com/malwrhunterteam/status/1681378866605051909
2023-07-19 09:24:48,malwrhunterteam,url,https://ppangz.mom/mjifi,,https://twitter.com/malwrhunterteam/status/1681595936991064064
2023-07-19 09:24:48,malwrhunterteam,sha256,06de38d19775315213054a9ad0d1c6a4c6836a88005d522b5691100f1f740b52,,https://twitter.com/malwrhunterteam/status/1681595936991064064
2023-07-19 09:24:48,malwrhunterteam,sha256,eb21cf8e6f64340216e9c326fb58956d5408d6f2c0c5126ff8af9a4aac39e1a2,,https://twitter.com/malwrhunterteam/status/1681595936991064064
2023-07-19 09:31:47,malwrhunterteam,sha256,b69a1c0d1f3a2406862044d3176aa11b1320242c342ad7b38de3d5a49df76c50,,https://twitter.com/malwrhunterteam/status/1681597696069468160
2023-07-19 09:31:47,malwrhunterteam,sha256,2235f7f4a571bf8b4ba5d42cfdbe9f8d12c480588138f28428534b97a76c69ee,,https://twitter.com/malwrhunterteam/status/1681597696069468160
2023-07-19 09:46:32,drb_ra,url,https://static.cgbchina.com.cn.cloud.360.net.cdn.dnsv1.com/Display/chan/IB61I7MYA,#CobaltStrike,https://twitter.com/drb_ra/status/1681601406367588352
2023-07-19 09:46:32,drb_ra,ip,43.143.145.131,#CobaltStrike,https://twitter.com/drb_ra/status/1681601406367588352
2023-07-19 10:26:48,JRoosen,domain,pindc.ru,,https://twitter.com/JRoosen/status/1681611540238041089
2023-07-19 12:14:24,shotgunner101,md5,e040670bac3e2ee10dc266c6bf6c07d9,#Remcos,https://twitter.com/shotgunner101/status/1681638618329169923
2023-07-19 12:21:10,malwrhunterteam,sha256,a85c3b622a57ef2138e1d0c392c854c79fb1e145bc9f5e58ca9656a07bbe46a4,,https://twitter.com/malwrhunterteam/status/1681640320931381254
2023-07-19 12:21:10,malwrhunterteam,sha256,bc4e150f743ed629b348320e1fad205e3b68f56a555ffc0987f8b401836233a3,,https://twitter.com/malwrhunterteam/status/1681640320931381254
2023-07-19 12:21:10,malwrhunterteam,sha256,5a5f8bb4bd435552ac326ae63513894c989a86cfe53387c1fb47f34fb324bc1f,,https://twitter.com/malwrhunterteam/status/1681640320931381254
